"","gene","my_genes","sgAI987944_p1...sgCtrNT_p1","sgAtf3_p2...sgCtrNT_p2","sgBach1_p1...sgCtrNT_p1","sgBhlhe40_p1...sgCtrNT_p1","sgCebpb_p1...sgCtrNT_p1","sgE2f5_p3...sgCtrNT_p3","sgEgr1_p1...sgCtrNT_p1","sgEgr2_p3...sgCtrNT_p3","sgEtv3_p3...sgCtrNT_p3","sgEtv6_p1...sgCtrNT_p1","sgFli1_p3...sgCtrNT_p3","sgFosl2_p3...sgCtrNT_p3","sgIrf1_p8...sgCtrNT_p8","sgIrf2_p4...sgCtrNT_p4","sgIrf3_p5...sgCtrNT_p5","sgIrf4_p8...sgCtrNT_p8","sgIrf7_p4...sgCtrNT_p4","sgIrf9_p4...sgCtrNT_p4","sgJun_p8...sgCtrNT_p8","sgJunb_p4...sgCtrNT_p4","sgKlf3_p5...sgCtrNT_p5","sgKlf6_p4...sgCtrNT_p4","sgMafb_p5...sgCtrNT_p5","sgMax_p5...sgCtrNT_p5","sgNfe2l2_p4...sgCtrNT_p4","sgNfkb1_p8...sgCtrNT_p8","sgNfkb2_p6...sgCtrNT_p6","sgPparg_p7...sgCtrNT_p7","sgRbpj_p6...sgCtrNT_p6","sgRela_p8...sgCtrNT_p8","sgRest_p7...sgCtrNT_p7","sgStat1_p8...sgCtrNT_p8","sgStat2_p7...sgCtrNT_p7","sgStat3_p8...sgCtrNT_p8","sgStat5a_p8...sgCtrNT_p8","sgTgif1_p8...sgCtrNT_p8"
"1","Nfe2l2","TRUE","-0.154891133"," 0.831509308"," 0.239181601","-0.6311467957"," 0.452222524"," 0.048005034"," 0.157441434","-0.196962175","-0.010125192"," 0.181059441","-0.313065219"," 0.047507873","-0.078736720"," 0.1112557966"," 0.98198267"," 0.059135677","-0.2295553903"," 0.529441626"," 0.230007722"," 0.20085676"," 0.02298495"," 0.0006098706"," 0.142034779"," 0.708619959"," 0.26271479","-0.115480195"," 0.2151162429","-0.239955714"," 0.410241403","-0.92668083","-0.242309447"," 0.227272632"," 0.813185991","-0.007333108","-0.335031416","-8.473480e-02"
"2","Slc7a11","TRUE","-0.407633918"," 1.164960715"," 0.655244170","-1.1337470453","-0.711713253","-0.178208910"," 0.002144080","-0.712995760"," 0.003236544","-0.505352579","-0.300265545"," 0.091678355","-0.182410746","-0.0301126684"," 0.90145594"," 0.444467655","-0.2497974796"," 0.633943393"," 0.327986004","-0.20538353"," 0.10751754","-0.4120280406"," 0.223170556"," 0.247621975","-0.43377904"," 0.297800428"," 0.2738317923"," 0.060997441"," 0.254997059","-1.52419679"," 0.195679206","-0.032647108"," 0.877661616","-0.090585946","-0.372079139"," 4.099182e-01"
"3","Slc48a1","FALSE"," 0.389209242","-0.286302472"," 1.561662667"," 0.0603261238"," 0.623449119","-0.024415891"," 0.212742866","-0.322585542"," 0.140080542","-0.003967505"," 0.173949851"," 0.041192152","-0.151759488"," 0.0293436517"," 0.25590546","-0.530390306"," 0.0848552298"," 0.074807481"," 0.086892359"," 0.08667961"," 0.14514013","-0.2139967969","-0.058161304","-0.077011350","-0.74647545","-0.176741727","-0.0312575193","-0.357548597"," 0.431107237","-0.19054906","-0.367839300"," 0.046269088"," 0.052819109"," 0.149586848","-0.005453253","-3.769271e-01"
"4","Slc7a2","FALSE","-0.373045204"," 0.343370396"," 0.052649941","-0.2306848143","-0.818013090"," 0.089882158","-0.052121722","-0.438811998"," 0.011457051","-0.069192930","-0.260130441","-0.065028052","-0.080936655","-0.1774293863"," 0.13376581"," 0.331938177","-0.1580491345"," 0.246682569"," 0.166792318","-0.10872094"," 0.08167600"," 0.1117757889"," 0.161324441"," 0.037899045"," 0.17413663"," 0.197707847","-0.0793366573"," 0.250048052","-0.465514108","-0.71717712"," 0.086647473","-0.235998252"," 0.167800533","-0.451744824","-0.444071855"," 7.508161e-02"
"5","Slc28a2","FALSE","-0.229408370","-1.460581720","-0.339572945"," 0.5799749610","-0.584029139","-0.201286803","-0.003484100","-0.328980084","-0.368107216"," 0.499456505"," 0.320192951","-0.408533048","-0.069855560","-0.0970521284","-0.10484001","-0.560466507","-0.3776366645","-1.294618059","-1.089741736","-0.20265948","-0.33301789"," 1.1118691639","-0.448486215"," 0.428299563","-0.20748897","-0.237129054","-0.7274292097","-0.099602534"," 0.143407549"," 0.32192773"," 0.077718763","-0.552687786","-1.200841565","-0.579367541","-0.291866881","-1.073962e+00"
"6","Slc3a2","TRUE"," 0.196880689"," 0.372520799"," 0.195631907"," 0.2276694993","-0.028147850"," 0.203026458"," 0.103530613"," 0.166010675"," 0.214085952","-0.158017141"," 0.006606385"," 0.286562999"," 0.076041711"," 0.3481190062","-0.16736736","-0.036293125"," 0.2811606259"," 0.251192999","-0.030457744"," 0.10802540"," 0.30692580","-0.2015211711"," 0.305927447","-0.437500090"," 0.15932003"," 0.248833700"," 0.0395918898"," 0.137803781","-0.001673330"," 0.38763992","-0.110584690"," 0.359441392"," 0.026376295"," 0.269820499"," 0.168860779"," 4.423597e-01"
"7","Slc6a12","FALSE","-0.091498642","-0.036569835"," 0.092832769","-0.2599834029","-0.239977897"," 0.478103354"," 0.266168584","-0.790766343"," 0.374965166"," 0.247530624"," 0.342565839"," 0.291007812"," 0.243511064"," 0.0573695975"," 1.53698650"," 0.262943376","-0.0843620251"," 0.500839327","-0.052420299"," 0.15184765"," 0.21523788"," 0.1886107685","-0.087499172","-0.007620282"," 0.12118424","-0.402791944"," 0.9085479347"," 0.104312707","-0.688193597","-0.73726042"," 0.225426734"," 0.110782318"," 0.502225672"," 0.245773020","-0.085858686"," 1.155888e-01"
"8","Slc25a37","FALSE","-0.437349460"," 0.830351250","-0.017418132","-0.1924302786","-0.822648967","-0.025028784","-0.300025535"," 0.005947538"," 0.212327087","-0.242765916","-0.080374783"," 0.304110075","-0.034291274"," 0.3189787926","-0.53045241"," 0.324687701","-0.1609409588"," 0.205616648"," 0.218325528","-0.15143232","-0.10581657","-0.1802128338"," 0.170792942","-0.467275334"," 0.10951955"," 0.608586693"," 0.1580505251"," 0.361124467","-0.264113175","-1.40867769"," 0.237096393"," 0.090421940"," 0.223299719","-0.197924437"," 0.208843336"," 3.960357e-02"
"9","Slc38a1","FALSE","-0.132275358"," 0.719032410","-0.107621247"," 0.0243581977"," 0.133931078","-0.180815669","-0.361199916"," 0.201869568"," 0.186599657","-0.234066913"," 0.007620345"," 0.018429521","-0.198678721","-0.0265157612","-1.03437401"," 0.050881263"," 0.1282205249"," 0.283057822","-0.165666940","-0.11352000"," 0.29201830"," 0.2303467673"," 0.532827659"," 0.190552671"," 0.26334588"," 0.386088754"," 0.3102169683"," 0.386399585"," 0.697828851"," 0.13678874"," 0.243480433"," 0.016076491"," 0.585601249","-0.364667920","-0.149831196","-2.973225e-03"
"10","Slc2a6","FALSE","-0.190844153","-0.082077360","-0.040728247","-0.6131852240"," 0.075005645"," 0.189898911","-0.137317147","-0.320557939"," 0.207163619"," 0.302222794","-0.370589048","-0.066556420"," 0.144587490"," 0.3052631070"," 0.59940068"," 0.064493001","-0.4046035593"," 0.081195205","-0.117676410"," 0.12875121"," 0.06431246","-0.3819856036"," 0.331728900"," 0.310537713"," 0.05056134"," 0.282920457","-0.0367347409"," 0.188638348","-0.939926030","-1.74731551"," 0.248464603","-0.084661164","-0.033436233"," 0.212127621"," 0.062530575","-1.446330e-02"
"11","Slc9a3r1","FALSE","-0.005780806","-0.030839518"," 0.199486925"," 0.0712142744","-0.511123707"," 0.164505953","-0.001420508"," 0.134784101"," 0.153217740","-0.114496237","-0.019082923"," 0.106968602"," 0.228148310","-0.1479200875"," 0.36014323"," 0.504358506"," 0.1347892264"," 0.657718971","-0.064361498"," 0.18088850"," 0.08777497","-0.2272374236"," 0.159967735","-0.572454071","-0.03021117"," 0.124571736","-0.4004543108"," 0.032094836","-0.323158641","-0.11430755"," 0.050422813"," 0.323468968"," 0.150118535","-0.033140855"," 0.123158271"," 3.184425e-01"
"12","Slc11a1","FALSE"," 0.396273226","-0.215732533"," 0.414386072"," 0.4766397375","-0.278976059"," 0.189062552"," 0.185744890"," 0.197987382","-0.025118224"," 0.191104501"," 0.006909722"," 0.401390517","-0.006524056"," 0.4905866796"," 0.21315087","-0.530658838"," 0.3398175259"," 0.164281884"," 0.142472066"," 0.51515582"," 0.27682590","-0.1622602324","-0.246483548","-0.808946684","-0.70400919"," 0.003846063","-0.0427954112","-0.011499311","-0.156309015","-0.10902963"," 0.074013693"," 0.117955571"," 0.059181390"," 0.152590655"," 0.447749036","-1.211524e-01"
"13","Grina","TRUE","-0.007885577"," 0.106233713","-0.020227237"," 0.0255202796","-0.320956088"," 0.168439099","-0.012501994","-0.027716459"," 0.053344200"," 0.196136744","-0.019610990"," 0.124423868","-0.071361814"," 0.5008485932","-0.13433864"," 0.144700765"," 0.0395449133","-0.484338790"," 0.172782275"," 0.04098620","-0.13224264"," 0.0408632610","-0.271022173","-0.334473349","-0.17154734","-0.143317921","-0.1216070222"," 0.119300916","-0.123993404","-0.01068371"," 0.003041373","-0.172867234","-0.257829072"," 0.081097684"," 0.021796899"," 3.739825e-02"
"14","Gsr","FALSE"," 0.044333828"," 0.313257902"," 0.366290527","-0.1354289413","-0.120375355","-0.058290064","-0.149455294"," 0.253360798","-0.086145365","-0.204479099"," 0.381071916"," 0.286238328"," 0.222733596"," 0.3616756284"," 0.21912151"," 0.284831725"," 0.1643133596"," 0.204655833"," 0.348971190"," 0.29384989","-0.35126125"," 0.0292580420","-0.184469355"," 0.064062445","-0.90088595"," 0.044014555","-0.4038675911","-0.280711737"," 0.610666938","-0.29364567"," 0.076715670"," 0.240350194","-0.048863336"," 0.056897645"," 0.186731549","-5.611199e-02"
"15","Slc25a22","TRUE","-0.160918349","-0.294568006","-0.135046852","-0.0396070154","-0.018135773"," 0.242359613"," 0.149430166","-0.089558238","-0.023971297"," 0.132490601"," 0.041174821","-0.319007649","-0.320889316","-0.3761904988","-0.19028073","-0.297228944","-0.3151719347","-1.521046217","-0.157675721","-0.23498245","-0.03215205","-0.0393891866","-0.355030539"," 0.348206045","-0.02111440","-0.353529036","-0.0809554180"," 0.103082370"," 0.054739553","-0.34449413","-0.008081150","-0.799440414","-1.015828733","-0.414218114","-0.194636869","-3.709206e-01"
"16","Slc7a8","FALSE","-0.133813848"," 0.076376076","-0.063603491"," 0.0008874872","-0.421946151","-0.050552018","-0.075278787"," 0.053681043","-0.040484390"," 0.053250823","-0.220520061","-0.078712104","-0.118697174","-0.1502747847"," 0.09570060","-0.238875229","-0.2261264933","-1.028430048","-0.214125207"," 0.01412525","-0.09337159","-0.1077947021","-0.106027092","-0.035511772"," 0.11635746"," 0.031303892","-0.5226931609","-0.041928174","-0.136315966","-0.41207322"," 0.082829305","-0.348366470","-0.682078611","-0.512378339","-0.186927014","-1.622273e-01"
"17","Gclm","TRUE"," 0.216168014"," 0.473442265"," 1.031153255","-0.1611248467"," 0.492928196"," 0.073684561"," 0.355721604"," 0.063764347"," 0.298606604"," 0.589275125"," 0.388532660"," 0.501423510","-0.214637084"," 0.0950994238"," 0.13305900","-0.052350223"," 0.2527258242"," 0.397273470"," 0.010692070"," 0.23131744"," 0.18959450","-0.1989810309"," 0.018153525","-0.220501684","-0.80055625","-0.035026982"," 0.0882813277"," 0.143020281"," 0.065510025"," 0.20729615","-0.068403920"," 0.312222643"," 0.231650225","-0.037481155"," 0.003220496","-3.488852e-01"
"18","Slc25a5","FALSE"," 0.178794002","-0.382851939","-0.105837437","-0.2448560233"," 0.220439466"," 0.107181768"," 0.029227831","-0.271456813","-0.050522702"," 0.064752394"," 0.052385076","-0.082899723"," 0.155918315","-0.2394589956"," 0.02506218","-0.207487270"," 0.0469783170","-0.134596159"," 0.123153254","-0.01037998"," 0.03017709"," 0.1245631992"," 0.122445049"," 0.209373684","-0.03888683","-0.086770511","-0.0514238655","-0.378560876"," 0.117200686"," 0.21233062","-0.374712802","-0.014547927","-0.236116941"," 0.106279351"," 0.039632586"," 2.236877e-01"
"19","Slc15a3","FALSE","-0.083365359"," 0.147397620","-0.046748346"," 0.0402849915","-0.216686203"," 0.116261898"," 0.009133227","-0.065115603"," 0.098954031"," 0.074425988","-0.165693437"," 0.156936625","-0.095648236"," 0.2342126877"," 0.03066192","-0.117472241"," 0.0617515201","-0.182400177","-0.235071655"," 0.22390191","-0.05435377"," 0.0501526329","-0.174992927","-0.577857525"," 0.06882196"," 0.123721627","-0.0921603294","-0.194080006","-0.121894732","-0.33292686","-0.158891945","-0.044670834","-0.514487490","-0.067023350"," 0.117141872"," 7.345861e-02"
"20","Slc40a1","FALSE"," 0.727240249","-0.166930050"," 3.278008666","-0.0281317747"," 1.266986556"," 0.234935008","-0.259023841"," 0.721712791"," 0.980081373","-0.294076013"," 0.479859703"," 0.981213670"," 1.181578786"," 0.1973653571","-0.58481328","-1.248068355"," 0.6400006411"," 0.267178347"," 0.312157786"," 0.56748907"," 0.68810086","-1.9404287351","-0.187093825"," 0.784088477","-2.24106944","-0.009232319","-0.7892591786","-0.982369697"," 1.332168075"," 1.19673156","-1.802918503"," 0.693507433","-0.993648803"," 0.123174870"," 0.299296658"," 4.409794e-01"
"21","Slc6a4","FALSE","-1.262630948","-0.808009752","-0.353579722"," 0.1023351429","-0.056898814"," 0.230577579","-0.227178488","-0.274367678","-0.410966298"," 0.724181760"," 1.144064613"," 0.387785713"," 0.094496496","-1.1286397359","-0.47784592","-0.504689997"," 0.2010738210","-0.930186221","-1.264201903"," 0.23125723","-0.70355569","-0.4962410690","-0.838900577","-0.028189647"," 0.21667854"," 0.115253946","-1.0079603995"," 0.485244835"," 1.035189292","-0.42848792"," 0.036317777","-0.740592371"," 0.116519434","-0.735052163","-0.873616421","-5.256932e-01"
"22","Slc39a1","FALSE","-0.153751942"," 0.004294965"," 0.001896646","-0.1280807075","-0.412211016"," 0.048676986","-0.386225125"," 0.219394996"," 0.227458656"," 0.032562101"," 0.208059836"," 0.101200958"," 0.122776519"," 0.0415010951","-0.04908537"," 0.091576532"," 0.0362166368"," 0.495813927"," 0.026434513","-0.28564650","-0.81255433","-0.1036253151","-0.390763915","-0.411324984","-0.37785218","-0.064333895","-0.3728859241"," 0.343587697"," 0.093618949","-0.51964656"," 0.465350487"," 0.075734615"," 0.343273222"," 0.092477307"," 0.002221181","-2.061031e-01"
"23","Slc31a2","FALSE"," 0.039505612","-0.351824868"," 0.031663096"," 0.0007997179","-0.385403962"," 0.044440146"," 0.036058987","-0.066694263","-0.075267606","-0.035352122"," 0.141926501","-0.045212035","-0.093380929"," 0.0879046694"," 0.23288309"," 0.070310604"," 0.0193693662"," 0.027369966","-0.070141282"," 0.07928513"," 0.03605806","-0.0441865289","-0.234942593","-0.264680874"," 0.09364008","-0.225519171","-0.1873321324","-0.384815546"," 0.006656468","-0.40122713","-0.102544031"," 0.048848512","-0.181363800"," 0.236088939","-0.003469859"," 1.736018e-01"
"24","Nfe2l1","TRUE","-0.434597941"," 0.147723806"," 0.186743774","-0.2402972190","-0.111673259"," 0.072539258","-0.043217063"," 0.013311760","-0.129319562","-0.180224442"," 0.018340486"," 0.031290941"," 0.085231416","-0.0399782082"," 0.76663065"," 0.370291263","-0.0006542966"," 0.538608566"," 0.204543520"," 0.15536928"," 0.02042982","-0.1356012653"," 0.197167474"," 0.174109390"," 0.19078319","-0.103605908"," 0.0047578075","-0.283551226","-0.223145856","-0.89057581","-0.336249838"," 0.082513907"," 0.319349354"," 0.049544283","-0.345882269","-3.094526e-01"
"25","Slc44a1","FALSE","-0.280092625"," 0.018826663"," 0.071257072","-0.1723670057","-0.061467755","-0.024607934","-0.225486490","-0.354816273","-0.147668307","-0.066994746","-0.251073034"," 0.133315356"," 0.213068030","-0.4685936183"," 0.23084025","-0.034375960","-0.2162208520"," 0.002466261","-0.231594443","-0.25176248","-0.47780963","-0.2393442113","-0.237682571","-0.288101659","-0.32175675"," 0.217165547"," 0.0526367202"," 0.182159625"," 0.395208489","-1.10288602"," 0.049766122"," 0.032443608","-0.093192120","-0.106772256","-0.135768896","-4.839946e-02"
"26","Slc51a","FALSE","-0.050139443","-0.344982410","-0.188442887"," 0.3538152562"," 0.279490255","-0.055596805","-0.290227920","-0.115108565"," 0.194530336","-0.256291679"," 0.240213836","-0.489905745","-0.286950153"," 0.2341620373","-0.93717637","-0.814616377"," 0.3238702585"," 0.146751087","-0.051162848"," 0.33629202","-0.47793424"," 0.2661047390","-0.261642680","-0.473331428"," 0.12775040","-0.349861088","-0.2269076460"," 0.114651219"," 0.728312829"," 0.95056029"," 0.065157838","-0.593305864"," 0.123387141","-0.814367098","-0.724174448"," 7.342825e-03"
"27","Slc39a14","FALSE","-0.148539869"," 0.359958606"," 1.213615360"," 0.4763809454","-0.142360773"," 0.036802648"," 0.550786954"," 0.153207178"," 0.098057759"," 0.395984555","-0.051008091"," 0.418574494","-0.227117637"," 0.3226906591"," 1.62726721"," 0.632542113"," 0.2942571709"," 0.720648606"," 0.001940516"," 0.73442284","-0.10695633","-0.2980541477"," 0.220204478"," 0.530887330"," 0.18869820","-0.790515987"," 0.6629103064","-0.678717644"," 0.387538171","-1.20525370","-0.055170579"," 0.628255970"," 0.477315994"," 0.322614706","-0.742778633","-1.773198e-01"
"28","Slc29a3","FALSE","-0.055724640","-0.385849596","-0.239686386","-0.0048373186"," 0.468510987","-0.254017026","-0.023109801","-0.034624324","-0.332156382","-0.197571628"," 0.031882121","-0.353081592"," 0.098007011","-0.2454264588","-0.56315420","-0.093558309","-0.0303371429","-0.147552082","-0.266040603","-0.30981539"," 0.20865344"," 0.3655782035"," 0.142161204","-0.005376517"," 0.07649997","-0.267508983"," 0.1411596146"," 0.249558348"," 0.080485274"," 0.39691220"," 0.295497365","-0.244877234"," 0.068239896","-0.070428331","-0.383601923","-9.129212e-02"
"29","Slco3a1","FALSE","-0.197205241"," 0.492609319"," 0.141404146","-0.3876063470","-0.421643298","-0.223693277"," 0.015872825"," 0.108425536","-0.330523709"," 0.162204232","-0.381649938","-0.001238619","-0.187406398"," 0.3675796608"," 0.25369576"," 0.279578915","-0.0662225734"," 0.212757794"," 0.135228733","-0.13815734","-0.14212816"," 0.0797469653"," 0.051984187","-0.205718926"," 0.28912678"," 0.005761279"," 0.5187783766"," 0.336973751","-0.358854770","-0.41073239","-0.049078961"," 0.135515651","-0.013766687","-0.096375387"," 0.062041138","-5.393262e-02"
"30","Slc6a6","FALSE","-0.246796426"," 0.047260598","-0.015348846","-0.2347223287","-0.130139355","-0.254949009","-0.010825443","-0.024435871","-0.451312765","-0.186554992"," 0.015034233","-0.287770339","-0.120648212","-0.2292174934","-0.04507670","-0.001051043","-0.0627620687","-0.143906784","-0.027175596"," 0.20019270","-0.00798489","-0.1590698969","-0.002126994","-0.115044641","-0.20520718","-0.165657264"," 0.0824776666","-0.041342931","-0.185703682","-0.43202530"," 0.052190639","-0.448503229","-0.048920388","-0.308476288","-0.305216659"," 2.718626e-02"
"31","Slc6a8","FALSE"," 0.045762402","-0.638521686","-0.118223707"," 0.2206934273","-0.099422986","-0.006959033"," 0.015516065"," 0.069619009"," 0.080896822"," 0.159270566","-0.175397014","-0.018475801"," 0.004985983","-0.0055202827"," 0.38893143","-0.438043333"," 0.0943607708"," 0.525474029","-0.608771608"," 0.14413012","-0.34953952"," 0.4002204227","-0.346087628","-0.569236668"," 0.01949741","-0.077797767","-0.2514646632","-0.034897250"," 0.093537787"," 0.18306063"," 0.239152571","-0.017206435"," 0.279827346","-0.351607547","-0.109146336","-3.140331e-01"
"32","Slc38a6","FALSE","-0.418198786"," 0.034832232"," 0.102255145","-0.0816468480","-0.301689067"," 0.027461639"," 0.239935027"," 0.115708379","-0.101362756"," 0.064046095","-0.013681746"," 0.198151859","-0.053454460"," 0.0880365650"," 0.53761586"," 0.127626423","-0.3210158174"," 0.372901690","-0.023887319"," 0.20227662"," 0.12838194","-0.2332222304","-0.206102275","-0.025167763","-0.09726862"," 0.224733118"," 0.3991226428","-0.066680238"," 0.464061191","-0.70807135","-0.014467261","-0.136753629"," 0.456822760","-0.378870614","-0.064476845","-9.772204e-02"
"33","Slc23a2","FALSE","-0.266715841","-0.129310222","-0.062064375","-0.0375455044"," 0.154769621","-0.042915495"," 0.083136825"," 0.065453364"," 0.183130366"," 0.226315823","-0.017276184","-0.044302814","-0.124342964"," 0.0006573295","-0.98632457","-0.121119756"," 0.1714375522"," 0.264675858"," 0.074043972"," 0.03986842"," 0.04702280"," 0.2668288751","-0.057425996","-0.197417484"," 0.17468634"," 0.128751808","-0.2548835261"," 0.253409009"," 0.095414696"," 0.19124626"," 0.275207500","-0.219350307"," 0.184206902","-0.301704507","-0.047223217"," 5.737633e-02"
"34","Slc16a10","FALSE","-0.263431583","-0.414494642","-0.058812003"," 0.0374798469","-0.319428083"," 0.088654836"," 0.200514902"," 0.179768617"," 0.005820347"," 0.135885607","-0.128231731"," 0.187831486"," 0.344671034","-0.1121138887"," 0.17047260"," 0.024117264","-0.0856045524"," 0.137222712","-0.189567703"," 0.19093859"," 0.09065829"," 0.8133811490","-0.182466379"," 0.240142726"," 0.21202871"," 0.908015154","-0.4785142412","-0.269692188","-0.342208907"," 0.04395147","-0.141052998"," 0.067531896"," 0.132373142","-0.193778935"," 0.338978334"," 1.691781e-01"
"35","Slc37a2","FALSE","-0.027407821","-0.404694562"," 0.047410006"," 0.0606013905"," 0.213255581","-0.072822431","-0.078791126"," 0.255139318","-0.054200018","-0.110245553","-0.211674387","-0.377134436"," 0.042316674"," 0.1014504731","-0.20111507","-0.436937363"," 0.0268020609"," 0.006917273","-0.022395034"," 0.08410128","-0.14988189"," 0.3320239380","-0.324098185","-0.609807222","-0.13341947"," 0.080506457","-0.7304172603","-0.102698226","-0.315426466"," 0.76044005"," 0.043520026","-0.280897693","-0.006134971","-0.205668016"," 0.035294799","-4.331527e-01"
"36","Slc41a1","FALSE"," 0.458423202"," 0.026643066","-0.066187017"," 0.3219606621"," 1.578308628","-0.495047069","-0.168090735"," 0.523712792"," 0.444498046"," 0.377430698","-0.112490053"," 0.020086586","-0.086383099"," 0.7511622164"," 0.52820049","-0.211298653","-0.0189780504"," 0.419352564"," 0.943846733","-0.03805239","-0.66599320","-0.1591009031"," 0.286872534"," 0.327134866"," 0.77768333","-0.895806944"," 0.9140202635","-0.449211190"," 0.360449309"," 0.58533742","-1.019966950","-0.318034702","-0.059659327"," 0.438334315","-0.631349983"," 7.043577e-01"
"37","Slc2a1","FALSE"," 0.226428382"," 0.510234728"," 0.671455416","-0.0373687279"," 0.060197369"," 0.307778623"," 0.096625248","-0.241355420"," 0.188447748"," 0.216481542"," 0.242470488"," 0.047726662"," 0.115793476","-0.0348875899"," 0.47670972"," 0.191017890","-0.1242664468"," 0.304444997"," 0.121161032","-0.21298394","-0.01997567"," 0.1832261143","-0.051134020"," 0.305852187"," 0.14040601","-0.203454314","-0.4122148087"," 0.208568086"," 0.259047717"," 0.66325307","-0.197482081"," 0.042979003"," 0.571215543"," 0.009519188"," 0.313640721","-2.253995e-01"
"38","Slc36a2","FALSE","-0.988721300","-0.542037100","-0.280146506","-0.0781972326","-2.713873864","-0.127070560","-1.208154658","-0.401572988","-0.452929075","-0.528983752"," 0.713310244"," 0.025585179"," 0.434873060","-1.1944071742"," 0.50890567","-0.681780584","-1.6695980844"," 0.005498711"," 1.409577368"," 0.31991846","-1.16716046"," 1.3284889829","-0.713976079"," 1.629659718","-0.57732432"," 1.030480666","-0.0002033825","-1.306325625","-0.814796274","-0.25158051","-0.299165435","-1.564061347","-0.247858098"," 1.083326755","-2.441533845","-8.302024e-01"
"39","Slc36a4","FALSE","-0.607363516","-0.219067992"," 0.095319989","-0.3382374083","-0.319978680"," 0.191372044","-0.037369344","-0.240997230"," 0.109095323","-0.161626344"," 0.206358581","-0.047333669","-0.046145916","-0.0539072913"," 0.26693465","-0.072339920","-0.2500982308"," 0.307649974"," 0.121971197"," 0.05930061","-0.16171345"," 0.0137428641","-0.377751229","-0.530209756","-0.27333156","-0.103451909","-0.2858980670"," 0.247297767","-0.067323436","-0.04882608"," 0.086198503","-0.302633100"," 0.501496185","-0.512087016","-0.269043060"," 3.986493e-01"
"40","Slc16a1","FALSE","-0.551085826"," 0.147466097","-0.397584858"," 0.1160593157","-0.975220652","-0.253017447","-0.889649156"," 0.784334257"," 0.141880492","-0.601631747","-0.035919145"," 0.049407591","-0.026785507","-0.1950445843","-1.57467957","-0.282718176"," 0.3420333314"," 0.064855627","-0.118013698","-0.54041573","-0.66510442"," 0.0560534395","-1.077051286"," 0.514155608"," 0.24585228"," 0.309072475","-0.7101006040"," 1.070028888","-0.568543121"," 0.54418110"," 0.487924339"," 0.103504240"," 0.111063309","-0.410439095","-0.748089215","-3.929861e-05"
"41","Got1","TRUE"," 0.106421184","-0.135608720","-0.203577990"," 0.0681852273"," 0.773588776"," 0.219194691"," 0.209403882","-0.248083514"," 0.297915194"," 0.281843832"," 0.235393019"," 0.291879317","-0.053955508","-0.0403997812"," 0.21730676","-0.347532607","-0.0352293837","-0.249328049"," 0.047273357"," 0.02492661"," 0.45523893","-0.0721518882"," 0.452663143"," 0.111872152"," 0.38287642","-0.349038880"," 0.5151122097","-0.115154749"," 0.218208846","-0.34346612","-0.248695061"," 0.120715646","-0.046407424","-0.190611078","-0.639731939"," 1.760182e-01"
"42","Slc25a12","TRUE","-0.571506306","-0.225829024","-0.022997233","-0.2067274273"," 0.168564552"," 0.097062905","-0.037878085","-0.157478305","-0.157272405"," 0.228803269","-0.109062720","-0.193286118","-0.278600138","-0.2504657565","-0.18255826","-0.498772590"," 0.0174205293","-0.593843997"," 0.137939599","-0.01679312"," 0.34025422"," 0.0492743149"," 0.261049552"," 0.115653629","-0.08815179","-0.322101957","-0.2458505391"," 0.336345838","-0.242319697","-0.36831899"," 0.092018333","-0.435560293","-0.293161416","-0.240425352","-0.325363169"," 3.852229e-01"
"43","Slc30a1","FALSE"," 0.135453114","-0.239734811","-0.153884344"," 0.2129834441","-0.361291176"," 0.198645836"," 0.017308353"," 0.157632311","-0.288263783","-0.282181993"," 0.244804462","-0.042946897"," 0.292017626","-0.2181046839","-0.60397835","-0.154564839","-0.1030873150","-0.324921629"," 0.121716631"," 0.14985971","-0.29252724","-0.2378735643","-0.733754008","-0.431094011"," 0.08633777"," 0.188844285","-0.0855582468"," 0.052674422"," 0.339190980"," 0.21652156"," 0.049110489","-0.376826328","-0.311085324","-0.192736550","-0.031622070","-2.396469e-01"
"44","Slc31a1","FALSE"," 0.014677209"," 0.014481712"," 0.311344379"," 0.0534428379","-0.315628008"," 0.261606876"," 0.179048072"," 0.151739323"," 0.339194991"," 0.128048512"," 0.041584077"," 0.043402687","-0.119312721"," 0.1428476848"," 0.47990247"," 0.116584327","-0.1340889510"," 0.302354480"," 0.177202391"," 0.08756947","-0.16051223"," 0.3218205642","-0.211681639","-0.312966444"," 0.03168585"," 0.077983623","-0.2930031896","-0.023345832","-0.058216025"," 0.41983855","-0.158690109"," 0.125121380"," 0.135554978"," 0.027295092"," 0.131560083"," 6.710997e-02"
"45","Slc35e3","FALSE","-0.360575081","-0.082152741","-0.519762657"," 0.5787315924"," 0.361759994","-0.430751101","-0.343013237"," 0.362768528"," 0.580641385","-0.014259677"," 0.019147173","-0.059296212"," 0.106068198"," 0.2803958425","-1.14109540","-0.143621999","-0.1298607962"," 0.643102576"," 0.026482637","-0.16818878","-0.96147171"," 0.3488448064","-1.156092467"," 0.318575197","-0.31534444"," 0.810978164","-0.6159224134"," 1.004486595"," 0.208699838"," 0.09018158"," 1.519524425"," 0.020794422"," 1.087809043","-0.040939519","-0.528097097","-8.919345e-01"
"46","Slc12a7","FALSE"," 0.155152290"," 0.345750131"," 0.742965801"," 0.6917510844","-0.101666874","-0.650672557"," 0.520551934"," 0.643768558","-0.301698452"," 0.215486159","-0.323585480","-0.063053020","-0.494791959","-0.2391800639","-1.10658588"," 0.791285420","-0.0779900324"," 0.190953588"," 0.206744302"," 0.34005095"," 0.26863503","-0.6206283887","-0.113601828","-0.605774210"," 0.15027550"," 0.691380425"," 0.1106696893"," 0.098679403"," 0.094623776","-0.46868481","-0.075452311"," 0.158905118","-0.025894922","-0.083087702"," 0.408742895"," 2.052606e-01"
"47","Slc11a2","FALSE","-0.093894677","-0.123522735"," 0.060566138","-0.1261117749","-0.278299222"," 0.030421898"," 0.081561568","-0.079084661","-0.142363637","-0.144594794"," 0.008335302","-0.027774096"," 0.093853781","-0.1102382302"," 0.18375072"," 0.086278438"," 0.0622634263"," 0.414635718","-0.168631310"," 0.18275490","-0.02422266"," 0.3447830951","-0.084292940","-0.183000670","-0.04670239","-0.450516433","-0.2307519125"," 0.148079720","-0.036667864","-0.33852738"," 0.011766308","-0.006978536"," 0.236692277","-0.171009781","-0.003874895","-3.095076e-02"
"48","Slc20a1","FALSE","-0.262257797"," 0.171432064"," 0.238978906"," 0.0863892654","-0.137418249"," 0.033606635"," 0.164441649"," 0.011699405"," 0.212815145"," 0.498371253","-0.390038249"," 0.218018810"," 0.202519065","-0.0468191958"," 0.63705694"," 0.301700748","-0.3534737084"," 0.148312105"," 0.181198264"," 0.01094419"," 0.31526799","-0.5961308649"," 0.169220195"," 0.676499495","-0.17723313","-0.041501769","-0.0916780861"," 0.307206306"," 0.262578327"," 0.07594766"," 0.361627974","-0.115443246"," 0.676928334","-0.251298164","-0.161618270"," 3.127860e-02"
"49","Slc8b1","FALSE"," 0.357560248","-0.701316031","-0.078683237"," 0.3241260237"," 0.132472361","-0.052236120"," 0.122689378"," 0.411801185","-0.018194890"," 0.446464195"," 0.170490448","-0.352157424"," 0.089242905"," 0.1030409415"," 0.64296788","-0.006057582"," 0.2868576817"," 0.471137008","-0.145734329"," 0.18895989"," 0.04656668","-0.1491003756","-0.130368159","-0.258554075"," 0.39624980","-0.014420710","-0.5072572231","-0.158831199","-0.147617997","-0.61032526","-0.200680640"," 0.191085399"," 0.458355279","-0.132640060","-0.169610674"," 6.424124e-01"
"50","Slc25a4","FALSE"," 0.255154610","-0.006721941"," 0.068982210","-0.1314739094"," 0.259546558"," 0.239081487","-0.009955532","-0.059759200"," 0.154874195"," 0.126250058"," 0.077052119"," 0.134675700"," 0.043558340"," 0.1159184495"," 0.18491936"," 0.213686535"," 0.1054094486"," 0.077242293"," 0.082715469"," 0.11039235"," 0.23932216","-0.2063558005"," 0.244427923"," 0.390409550"," 0.20195912"," 0.103074208"," 0.0451423849","-0.439056799"," 0.106110093"," 0.01253348","-0.584209736"," 0.025450899","-0.266580719"," 0.016178024"," 0.167811404","-2.941349e-01"
"51","Slc16a3","FALSE","-0.070206221"," 0.078200635"," 0.190399829","-0.3701167561"," 0.158828472","-0.044005193","-0.128200814"," 0.109196575"," 0.046718585"," 0.438439608","-0.004197426","-0.034606736"," 0.122545137"," 0.0901119792"," 0.19963120","-0.461715692"," 0.1619237441"," 0.346391439"," 0.092400802","-0.28405880","-0.25446522","-0.4514275724"," 0.544763319"," 0.882068302"," 0.07834504"," 0.420239257"," 0.5126780628","-0.303122683"," 0.083568086"," 0.90863495","-0.172586017"," 0.453085218"," 0.237788077"," 0.493810379","-0.021581118"," 4.450259e-01"
"52","Slc43a3","FALSE","-0.035548514","-0.530689143"," 0.250970807","-0.2101678601","-1.075483887"," 0.005991622"," 0.049279092","-0.354044573","-0.455459428","-0.341565725"," 0.007252135"," 0.058443958","-0.146987821"," 0.4049296320"," 0.40885200"," 0.065658783"," 0.0481973315","-0.239166971"," 0.107811898"," 0.55470759"," 0.12461408","-0.1691743564","-0.292460199"," 0.420482784","-0.13875929"," 0.168575702"," 0.2637633522","-0.282112275","-0.678177031","-0.32843017"," 0.175366905","-0.273180126","-0.017877501"," 0.573964010"," 0.339505348","-3.368315e-01"
"53","Slc18a1","FALSE"," 0.278278127","-2.151489697"," 0.484268711"," 1.1774166512","-0.097844033"," 0.054904168"," 0.302942368"," 0.234647406","-0.244047237"," 0.273678317","-0.341187926"," 0.213015922","-0.057190102","-0.2749556633","-0.06942247","-0.351708619","-0.0547152683","-0.400485142"," 0.420763641"," 0.16783709","-0.21360554"," 0.0969294884","-0.165927042","-0.153496086","-0.43834799","-0.260940709","-0.1027419628"," 0.442132270"," 0.646797880","-0.39008001"," 1.034132070","-0.953993636"," 0.573548939"," 0.071924027","-0.705524481"," 4.680931e-01"
"54","Gfpt1","TRUE"," 0.100368185","-0.547919532"," 0.204179966"," 0.0985231238"," 0.566156475"," 0.013009493"," 0.110348968"," 0.058776277"," 0.372766868"," 0.137875484","-0.012403073"," 0.048870041","-0.464612498","-0.3945482209","-0.10067086"," 0.085639579"," 0.0077662215"," 0.356877228","-0.516872611","-0.08327008"," 0.02013677"," 0.2915652663"," 0.173798779"," 0.162642186"," 0.35760917"," 0.256494258","-0.0530901737"," 0.320878837","-0.078817451"," 0.55750920","-0.017894864","-0.266429392","-0.056722076","-0.198915807","-0.675428771","-5.151918e-02"
"55","Aldh4a1","FALSE"," 0.567012460"," 0.271734945","-0.054493470","-0.1689876809"," 0.749056144","-0.555099442"," 0.675239306","-0.782062845"," 0.069951186"," 0.284423761","-1.163489049","-0.018888020"," 0.497705740","-0.1212774177"," 0.08976298","-0.032985479","-0.5558242904"," 0.487950015","-0.307636486"," 0.12199734","-0.65251729"," 0.5793515120","-0.267633093"," 0.507136654"," 0.25305695"," 0.574019518","-1.4449080123","-3.551045838"," 0.380955677"," 1.46906432","-2.269286532"," 0.130941706"," 0.006108170"," 0.387878114"," 0.516632946","-3.608333e-01"
"56","Slc27a1","FALSE","-0.360927544","-0.447312716","-0.280937332"," 0.2401088817","-0.003052012","-0.007205670","-0.123449260"," 0.031625761","-0.293437312"," 0.125700815","-0.028074479","-0.158727306"," 0.113982007","-0.2900952108"," 0.23922619","-0.429010343","-0.1294268393"," 0.114479341","-0.450699773"," 0.08362607","-0.18961861"," 0.5127982279","-0.300478764","-0.117061471","-0.14744205","-0.257183585","-0.3784131799"," 0.064181456","-0.141242794","-0.28520726"," 0.240317211","-0.256109941"," 0.425215144","-0.045025356","-0.283341192","-2.012592e-01"
"57","Slc35f5","FALSE","-0.155123034"," 0.295679028","-0.370354550","-0.0273906432","-0.053543772"," 0.128513885","-0.297686229","-0.281364563"," 0.132976534","-0.284840273"," 0.096813435","-0.220105309"," 0.300969626","-0.0798113761","-0.58900828"," 0.064800065"," 0.4057593508"," 0.007801218","-0.048610376","-0.04561028"," 0.21885722"," 0.1515523824"," 0.317595919"," 0.103277302","-0.05494124"," 0.512635928","-0.0482743312"," 0.080777469","-0.080825248"," 0.26066849"," 0.268849301"," 0.276381326"," 0.247890362"," 0.196094317"," 0.349125460"," 4.122620e-01"
"58","Slc1a5","TRUE","-0.230636173","-0.722572537","-0.015178450","-0.3061888860"," 0.269286463"," 0.366429504","-0.107027430","-0.154802351","-0.008955686"," 0.074626795"," 0.586922084"," 0.387087748","-0.275912670"," 0.0919425897"," 0.71068112","-0.155394022"," 0.2245806428"," 0.172219790","-0.127459842","-0.06123544"," 0.25055468"," 0.4436379882"," 0.313734488"," 0.671190912","-0.20214046","-0.296142804"," 0.4748603241"," 0.160218776"," 0.333298797","-0.07063166"," 0.380308263"," 0.053794946"," 0.382418041"," 0.026979464","-0.260847936","-4.075565e-02"
"59","Glud1","TRUE","-0.106027896","-0.259870216","-0.074863626","-0.0045274377"," 0.206210092"," 0.060816858"," 0.049738873","-0.023375400","-0.023319242"," 0.185597713"," 0.057738593"," 0.256623495","-0.023268281","-0.1602726488","-0.08517254","-0.142219979","-0.0249335121"," 0.154512263","-0.185879900"," 0.24917940"," 0.03705101","-0.3553560361"," 0.084885964"," 0.170957071"," 0.05613414","-0.202012224","-0.1342477022","-0.006533626","-0.086920060"," 0.08975747"," 0.131482275","-0.044345014"," 0.189139599","-0.087811924","-0.138114095","-3.599961e-02"
"60","Slc43a2","FALSE","-0.166433687","-0.530049326"," 0.152438374"," 0.2757344039","-0.094191783"," 0.097902059"," 0.016840626"," 0.261283747"," 0.043632639"," 0.289922222","-0.182795499","-0.108036480","-0.430863696","-0.0804945431","-0.34268484","-0.162546179","-0.1457670190"," 0.366892171"," 0.054163260"," 0.69025657","-0.49145223","-0.3795674712","-0.534089806","-0.173859330","-0.54946795","-0.066372943","-0.8983292515","-0.547095785"," 0.024010699","-0.38436692","-0.276512613","-0.109260154"," 0.098270986"," 0.197674100"," 0.320045378"," 1.108520e-02"
"61","Slc25a44","FALSE"," 0.227983669","-0.285815200"," 0.201453919"," 0.0407210495"," 0.038284984","-0.224168944","-0.021707706"," 0.185134795","-0.588978056","-0.269013669"," 0.074644374","-0.084156695","-0.162408673"," 0.0878612529"," 0.18750835","-0.063278806"," 0.0663134194"," 0.158631193"," 0.144183055"," 0.41941048","-0.04292034"," 0.2349907451","-0.375463979","-0.310461950"," 0.14701045","-0.077859817"," 0.3159036074","-0.127212247"," 0.092617623","-0.03777731"," 0.404521152"," 0.295868616"," 0.497419509"," 0.463864066"," 0.282640332"," 7.681277e-01"
"62","Slc9a1","FALSE","-0.362012039"," 0.114199700","-0.112776130"," 0.1249107855","-0.001524966"," 0.238882839","-0.072969656"," 0.071752895"," 0.109291052"," 0.287207865"," 0.273332214"," 0.236181332","-0.660462905","-0.3163331159","-0.52365729","-0.015149793","-0.1807739466","-0.247512448"," 0.027780817","-0.08005781","-0.28141523","-0.0857255556","-0.798287588","-0.683041622","-0.19886508","-0.404987589"," 0.0090310678"," 0.574019445"," 0.139133926","-0.50303369"," 0.065169513","-0.616846746","-0.015627153","-0.620727178","-0.776798157","-2.614115e-03"
"63","Slc35f6","FALSE"," 0.013405330","-0.697381730"," 0.371042181"," 0.1990569537","-0.070573913"," 0.041435890","-0.034804944"," 0.005949119","-0.009472426","-0.037018245"," 0.403628200","-0.014888478","-0.191808873"," 0.1390080471"," 0.72913189"," 0.082215525"," 0.0325852227"," 0.344826555","-0.310598405"," 0.17463895"," 0.07226108"," 0.3870241049","-0.117690006","-0.087902020"," 0.07053792","-0.292532875","-0.0973271733","-0.292638339"," 0.293342998"," 0.45952991"," 0.316803731","-0.015933268"," 0.391132002","-0.024528362","-0.922573865"," 3.017972e-02"
"64","Slc12a6","FALSE","-0.122617338"," 0.220818412"," 0.319984366","-0.0302891156","-0.358091149","-0.022214441"," 0.157831792","-0.171647237"," 0.000577395"," 0.154362803","-0.254198562","-0.119047957","-0.220212689","-0.0042017502"," 0.17384070"," 0.263043278","-0.0565620545"," 0.180522109","-0.035522650","-0.25479068","-0.03764457"," 0.1110552832"," 0.331148422","-0.083570419","-0.02766060","-0.519534974","-0.0810290065"," 0.015878931","-0.252449194","-0.56736450"," 0.040998818","-0.451936694"," 0.011616906","-0.224818071","-0.285445226","-2.054552e-01"
"65","Slc39a10","FALSE"," 0.705359735"," 0.111913170"," 0.332753664"," 0.6615545239"," 1.571118121","-0.589414910","-0.445724695","-0.075926476","-0.409588995","-0.924531435"," 0.253639478"," 0.732772934","-0.017197886","-0.7909614507"," 1.37968384","-0.506490359"," 0.3272962286"," 0.729017587","-1.267701647","-0.23509902"," 0.06481108"," 0.3151201038","-0.450963552"," 0.579519189"," 0.08820701","-0.826621731","-0.3244149786"," 1.034690007"," 0.461710898"," 0.17363503"," 0.417109086","-1.231462741"," 0.630271295"," 0.182275596","-1.238584836","-5.920778e-01"
"66","Slc25a13","TRUE"," 0.177969930","-0.107395556","-0.114641039"," 0.8236531051"," 1.342513488"," 0.377115663"," 0.208241532"," 0.196405861"," 0.541561575"," 0.854987654"," 0.448319269","-0.524992509","-1.306375379"," 0.1929853951"," 0.43886093","-0.169744912"," 0.4616102152"," 0.019746591","-0.474719595","-0.70516465"," 0.45990170"," 0.4261500221"," 0.653638304"," 1.049750604"," 0.15154656"," 0.214798882"," 0.0144350519","-0.343808274"," 0.162169480"," 0.36139762","-0.410996783"," 0.342270118"," 0.457885471","-0.104448103"," 0.121367410"," 5.585567e-02"
"67","Slc35c2","FALSE"," 0.274692365","-0.611717653"," 0.586869320"," 0.3887982054","-0.200284594","-0.929501231","-0.347569577"," 0.745130421","-0.040343301","-0.470624087"," 0.202275325"," 0.581153568"," 0.290478329","-0.1199172392","-0.29875975"," 0.092015075"," 0.4100702749","-0.521507044"," 1.109901018"," 0.13748899","-0.04636342","-0.2805665344"," 0.914439570"," 0.489193554","-0.10200312"," 1.196303386","-1.0444197268","-0.192139668","-0.520757125","-0.32708420"," 0.389870686","-0.854895487","-0.302838651","-0.075025647"," 0.592282521"," 1.150432e+00"
