"","sgCtu1_g1_input","sgCtu1_g1_polysome","sgCtu1_g2_input","sgCtu1_g2_polysome","sgCtu2_g1_input","sgCtu2_g1_polysome","sgCtu2_g2_input","sgCtu2_g2_polysome","sgCtu1_g1_TE","sgCtu1_g2_TE","sgCtu2_g1_TE","sgCtu2_g2_TE"
"Lypla1",0.206152238985631,0.403798914806838,0.334282856749621,0.268448994717042,0.376736837040272,0.610848611278118,0.164771711482562,0.684747895889736,0.197646675821208,-0.0658338620325791,0.234111774237846,0.519976184407175
"Ube2w",0.187750343209565,0.0858167572835429,0.271899175966833,0.266478339013237,0.33488412534724,0.226763893486764,0.169539610405682,0.676466187950239,-0.101933585926022,-0.00542083695359619,-0.108120231860476,0.506926577544557
"Sdhaf4",0.148666790668311,0.253204634466549,0.126895904328962,0.269716610704028,0.0754741307002682,0.0916929405164035,0.0692686718209092,0.574133456020552,0.104537843798238,0.142820706375065,0.0162188098161353,0.504864784199643
"Mrpl30",0.0534106304547644,0.305999163078391,0.127583329698855,0.211572466950444,0.138591399487831,0.0516828287378885,-0.0565486328778206,0.663008626013434,0.252588532623626,0.0839891372515886,-0.0869085707499426,0.719557258891255
"Eif5b",-0.0436400859664277,-0.281453487633972,-0.108135299311857,-0.38011853927048,-0.030604672614456,-0.454621390481851,0.416217809995724,-0.662434504134813,-0.237813401667545,-0.271983239958622,-0.424016717867396,-1.07865231413054
"Nab1",-0.0731760764946916,0.270887552305969,0.106042622775843,0.393485291256919,-0.0320716716662375,0.0381551362404515,-0.287551903119567,1.04477460685331,0.344063628800661,0.287442668481076,0.070226807906689,1.33232650997287
"Ormdl1",0.594688723122157,0.642976532709021,0.00982882091678494,0.594135367051991,0.261826763738504,0.816928898045611,-0.0790966550860999,1.04778902752763,0.0482878095868635,0.584306546135206,0.555102134307107,1.12688568261373
"Sumo1",0.135063253260389,0.222654901484852,0.292125509591289,0.121239019631665,0.168306250666381,0.206654696447703,-0.0706366503671845,0.61338545166796,0.0875916482244623,-0.170886489959624,0.0383484457813204,0.684022102035144
"Ino80d",0.113506360526212,-0.327385083351734,0.0242829908051005,-0.263529849624437,-0.199995884280663,-0.14855053737731,-0.104126692441018,-1.48259742710809,-0.440891443877946,-0.287812840429537,0.0514453469033533,-1.37847073466707
"Rpl37a",0.0134179278344639,0.0186716199841008,-0.131217541521263,-0.128674356730674,-0.210508401298883,-0.137259319380034,0.265114257177338,0.0766376445994279,0.00525369214963689,0.00254318479058924,0.0732490819188492,-0.18847661257791
"Sp140",0.0329748388973199,-0.111922472706295,0.0482532086509453,-0.182416409402117,-0.206216263819912,-0.614037547225077,-0.175357789794077,-0.742515553599548,-0.144897311603616,-0.230669618053061,-0.407821283405164,-0.56715776380547
"Ncl",-0.540394076263881,-0.790577911973514,-0.219281263642208,-0.514885761048474,-0.22315269614672,-0.67054360994362,-0.0726969612655841,-1.16839215086424,-0.250183835709633,-0.295604497406266,-0.4473909137969,-1.09569518959865
"Nucks1",0.0557658185327901,-0.348917941125023,0.00697939395418956,-0.218182041035559,-0.0540017463633484,-0.0923709158836461,-0.048486054615668,-0.728515490896479,-0.404683759657813,-0.225161434989748,-0.0383691695202977,-0.680029436280811
"Mfsd4a",0.676327602388899,-0.286477741383615,0.454141819732414,-0.000744227146320053,0.34955998943641,-0.247276044514583,1.16451406468665,0.100022467407637,-0.962805343772514,-0.454886046878734,-0.596836033950992,-1.06449159727901
"Ppp1r15b",-0.232108939538229,-0.0366773847388311,-0.254907306585751,-0.0408609234167665,-0.578276893216605,-0.295008081433267,-0.524878723861112,-0.290038179081075,0.195431554799398,0.214046383168984,0.283268811783338,0.234840544780036
"Btg2",-0.164069295152916,-0.0500575597791215,-0.171498072720087,0.0132202591685511,0.190869676418898,0.484892085919215,0.593405694278055,0.676711797512721,0.114011735373794,0.184718331888639,0.294022409500317,0.0833061032346656
"Zfp281",0.511067820448107,-0.551709248656576,0.39490225341488,-0.289482441147138,0.244459786931562,-0.502719302015197,0.807973982282414,-0.295137824962484,-1.06277706910468,-0.684384694562017,-0.747179088946759,-1.1031118072449
"Ptgs2",0.150817222621177,-0.0753170756634685,0.0755979486675162,-0.0990731336919364,-0.0843434299856938,-0.312132595635529,-0.603153891270122,-0.26807162377001,-0.226134298284646,-0.174671082359453,-0.227789165649836,0.335082267500113
"Prrc2c",0.0496172814171709,-0.177208477404837,-0.29824524133053,-0.168071840800662,-0.193406713531989,-0.492277038881018,0.130362824279807,-0.848215995439721,-0.226825758822008,0.130173400529868,-0.298870325349029,-0.978578819719528
"Fcgr3",-0.0193268837519103,0.215006529506637,0.0795568595200553,0.191894790414143,0.0799340466959197,0.264083441224871,-0.0156334907572901,0.532329915438632,0.234333413258547,0.112337930894087,0.184149394528951,0.547963406195922
"Fcer1g",0.0181080893405667,0.190611957447826,0.00148754512519034,0.0909270875389545,0.00058084754519605,0.110211809121969,0.0287655639680668,0.405668548578696,0.17250386810726,0.0894395424137642,0.109630961576773,0.376902984610629
"Slamf9",-0.231299957068978,0.292545533873618,0.0053581942589469,0.37205554548319,0.104904292369342,0.378806450362968,-0.374669026839299,0.814020315889077,0.523845490942596,0.366697351224243,0.273902157993627,1.18868934272838
"Ifi203",-0.210974278749046,-0.103271644391464,-0.102749769144338,-0.247253815496724,-0.372991825811338,-0.493574650051884,-0.457246508055281,-0.691464698662961,0.107702634357582,-0.144504046352386,-0.120582824240546,-0.23421819060768
"Desi2",0.487925410892883,-0.377126553612746,0.506469403517011,0.0396337072162982,0.276165667693031,-0.174401117910638,0.743819777026752,0.291940293548473,-0.86505196450563,-0.466835696300712,-0.450566785603669,-0.451879483478279
"Cnih4",0.0291279294043063,0.146621467433988,0.149859163088542,0.151763683660554,0.109761128085378,0.178617780989476,0.0507953994237669,0.581367030432378,0.117493538029682,0.00190452057201185,0.0688566529040981,0.530571631008611
"Rbm17",-0.0230250246319237,-0.315806845100179,-0.0675367098844628,-0.348340245579859,0.125604244648179,-0.736464095370345,0.187265082563878,-0.445045935058866,-0.292781820468255,-0.280803535695396,-0.862068340018524,-0.632311017622745
"Il15ra",-0.0273033954802342,0.159912712974086,-0.159957894181236,0.190333592272902,-0.416893045894324,-0.257266119946162,-0.718232564765731,-0.316792790336747,0.18721610845432,0.350291486454138,0.159626925948162,0.401439774428984
"Mrc1",-0.0782912753172482,-0.224626961348922,-0.107153043077988,-0.37123456319198,-0.355779712533824,-0.813227825517446,-0.142359354721188,-0.631605250381321,-0.146335686031674,-0.264081520113992,-0.457448112983622,-0.489245895660132
"Ptpa",0.051545793759801,-0.151922689122719,-0.195352123455066,0.0580282724450552,-0.172585009066578,-0.117802331810832,-0.583951926156473,-0.0736914392481562,-0.20346848288252,0.253380395900122,0.054782677255746,0.510260486908317
"Dpm2",0.0161747306080011,0.281244129533019,0.167984273388752,0.0491026696842853,0.291818601363678,0.141711306184681,0.0946902306755302,0.693128286648427,0.265069398925018,-0.118881603704467,-0.150107295178997,0.598438055972896
"Hspa5",-0.120607389300456,-0.0681493747077226,-0.265375651394642,-0.2948469216822,-0.34572013063352,-0.381404120440329,-0.456610194125234,-0.540671358005445,0.0524580145927338,-0.0294712702875577,-0.0356839898068086,-0.0840611638802109
"Mmadhc",-0.305274156352787,-0.144686313030499,0.00303037604313339,0.0505624493164296,-0.226407401633628,0.325684656667358,-0.663363636534073,0.00307231158361265,0.160587843322287,0.0475320732732962,0.552092058300985,0.666435948117686
"Rnd3",-0.0605988956143744,-0.0972430993166373,-0.012759772625893,-0.0310761563915811,-0.199712812668272,-0.195632853537292,-0.282246125256099,-0.483925985453951,-0.036644203702263,-0.0183163837656881,0.00407995913097992,-0.201679860197852
"Immp1l",-0.0616268195792218,0.122377136677746,0.056892372285243,0.0235607338416131,0.00219938151886812,0.131263333497166,0.0166213065032812,0.717800081728914,0.184003956256968,-0.03333163844363,0.129063951978298,0.701178775225633
"Rtf1",0.258313709510874,-0.199698049198906,0.00848162006701525,-0.20610140631361,0.0380217404110041,0.0264211672962436,0.944209521607393,-0.00256432717008437,-0.45801175870978,-0.214583026380625,-0.0116005731147606,-0.946773848777477
"Zfp106",-0.17634547019026,-0.405277039545034,-0.0316688714594617,-0.142168179661009,0.0220832845995833,-0.274516796106609,0.374103218819962,-0.522246683367798,-0.228931569354774,-0.110499308201547,-0.296600080706193,-0.89634990218776
"Serf2",-0.0297627376233596,0.0287197018839613,0.0746359309533986,-0.109947061942155,-0.0105438341152979,-0.0971240224212551,-0.166233286411895,0.504441052456587,0.0584824395073209,-0.184582992895553,-0.0865801883059572,0.670674338868482
"Patl2",-0.00596539720663181,-0.0578454547031964,-0.0172812076708571,0.069311711112066,0.0388766667880933,0.00425059280019369,0.84201490918014,0.016906061421567,-0.0518800574965645,0.0865929187829231,-0.0346260739878996,-0.825108847758573
"Gm14023",0.533467544300483,0.368806024508631,0.101628154685566,0.167414260631032,0.0312142340780337,0.189454580547693,1.26008931093599,-0.156952215958691,-0.164661519791851,0.0657861059454659,0.158240346469659,-1.41704152689468
"Efcab8",0.0163921678430912,0.419922787223748,-0.0864044745754091,0.351935963758755,-0.108030005826052,0.357527344954184,-0.98091326521722,0.284283034362113,0.403530619380657,0.438340438334164,0.465557350780236,1.26519629957933
"Eif2s2",-0.0750001995343226,-0.217278268896708,0.0496506630129669,-0.391517955121861,-0.0115776141264572,-0.377987321977189,-0.0488969975271392,-0.457098993766886,-0.142278069362385,-0.441168618134828,-0.366409707850732,-0.408201996239747
"Dynlrb1",0.0642314387091218,0.13636986713284,0.0523036021442316,0.059950283730311,0.0114198906589884,0.148104034309227,0.018314881815213,0.50952934080486,0.0721384284237185,0.0076466815860794,0.136684143650239,0.491214458989647
"Cebpb",0.0220429551217869,-0.234245074273742,-0.21617663552506,-0.131942031773283,0.0642076760482198,0.084184690336838,0.428614923169094,0.182033874280493,-0.256288029395529,0.0842346037517769,0.0199770142886182,-0.246581048888601
"Fabp4",-0.44755677032331,-0.49273339784647,-0.489570518464505,-0.639601534828144,-0.522917854115835,-0.743525672320968,-0.476649815901781,-0.399863523150334,-0.0451766275231602,-0.15003101636364,-0.220607818205132,0.0767862927514473
"Car2",0.575096643472143,0.27279275685415,0.597436005328317,0.344904295667543,0.54073373753933,0.662474913230829,-0.14840477255842,-0.134405513139019,-0.302303886617993,-0.252531709660774,0.121741175691499,0.0139992594194007
"Naaladl2",0.243735933569576,0.176970295334853,-0.655371301603926,0.161328641622804,-0.629448872245049,-0.223024135827865,-0.873890586327058,0.020760330014209,-0.066765638234723,0.81669994322673,0.406424736417184,0.894650916341267
"Dnajc19",-0.0907999332694347,0.14718022026473,0.0906256331403803,-0.0504109129573838,0.107666882279468,0.044275055292931,0.133174441567082,0.717436036440533,0.237980153534164,-0.141036546097764,-0.0633918269865372,0.584261594873451
"Ndufc1",0.0154719048855121,0.218331461115987,-0.0594080897274605,0.031795128927822,-0.0358104199341707,0.0161394381223108,0.100544083550144,0.471413218642208,0.202859556230475,0.0912032186552825,0.0519498580564814,0.370869135092065
"Selenot",0.116455300207646,0.227400805991527,0.0139344267495112,0.146427145376104,-0.0754414096202307,0.0880039840439943,-0.401844098713026,0.527107365466653,0.110945505783881,0.132492718626593,0.163445393664225,0.928951464179679
"Veph1",0.186383514293999,-0.231340466282358,-0.406401692775811,-0.334172617845155,-0.46459634563162,-0.591858327187227,-0.0520845289569376,-0.824993467226193,-0.417723980576357,0.0722290749306556,-0.127261981555607,-0.772908938269255
"Ptx3",0.0912888019335423,-0.178766954202606,-0.220206312488678,-0.280882851400126,-0.360838444272952,-0.435550187624404,-0.290707585194987,-0.674332042369899,-0.270055756136149,-0.0606765389114479,-0.0747117433514521,-0.383624457174912
"Tmem154",-0.154144976057683,0.209969693717778,0.187394586520316,0.39134716760704,0.275187531241976,0.519033595104529,0.0417708883657069,0.736045538887965,0.364114669775462,0.203952581086724,0.243846063862552,0.694274650522258
"Glmp",-0.0213893585910103,0.221906792215348,0.295811625362644,0.228577353026791,0.265050898263201,0.548521777082231,-0.0309939753775872,0.52771652607214,0.243296150806358,-0.0672342723358526,0.283470878819029,0.558710501449728
"Slc50a1",-0.165385598731777,0.439914311053072,-0.176115530823823,0.248193105220454,-0.122762503888273,0.742137973044661,0.0666693517722985,1.0992330592658,0.605299909784849,0.424308636044278,0.864900476932934,1.0325637074935
"Cks1b",-0.1428135674442,0.278090519266168,-0.0200986653284687,0.271472880180418,0.000379826534222971,0.120707066334908,-0.455076373111384,0.520755369919604,0.420904086710369,0.291571545508887,0.120327239800685,0.975831743030987
"Ctss",0.0625411242060778,-0.0489947256961329,-0.0780870723178513,-0.0713650386422131,-0.113734080556616,-0.0382927065668746,0.393959612021032,-0.158483940594595,-0.111535849902211,0.00672203367563817,0.0754413739897419,-0.552443552615626
"Mrps21",-0.104550023906123,0.215451566023014,0.132300144582569,-0.032351025417066,0.0687160498278612,0.0181582587994038,-0.0887291552907605,0.52426573212719,0.320001589929137,-0.164651169999634,-0.0505577910284574,0.61299488741795
"Sf3b4",0.396566615390261,0.646761824003192,0.47647055807675,0.53739539645791,0.584331946108493,1.01447320855498,0.913482047372208,0.0966057416482831,0.250195208612932,0.0609248383811596,0.430141262446491,-0.816876305723925
"Spag17",0.04958652075848,0.0679844486553707,-0.226047846574517,0.371994199640119,-0.0619614558863497,-0.0787862644484609,-0.173035359360839,-2.471216070133,0.0183979278968907,0.598042046214637,-0.0168248085621112,-2.29818071077216
"Lamtor5",0.108102424223771,0.195261426571784,0.12808724669275,0.144239864201713,0.157421867081859,0.0453654875487688,-0.0151756468595572,0.561993558986526,0.0871590023480131,0.016152617508963,-0.11205637953309,0.577169205846083
"Fndc7",0.570801608546363,-0.253976634690759,0.362052959456933,-0.50875908944103,0.298467618149775,-0.537348261422144,1.03751540419712,-0.471249058591765,-0.824778243237123,-0.870812048897962,-0.835815879571919,-1.50876446278888
"Prpf38b",-0.0868667790489841,-0.074692875183235,-0.161571366057028,-0.228482607849994,-0.23052218381646,-0.297462393251478,0.618240113695457,-0.223508531967011,0.0121739038657491,-0.0669112417929663,-0.0669402094350184,-0.841748645662467
"Gm17494",0.291252321703261,-0.0857440778245793,0.321232645571536,0.120374003424127,0.511087045746791,-0.0427697697610419,1.08383692481691,-0.106879432473905,-0.376996399527841,-0.200858642147408,-0.553856815507832,-1.19071635729082
"9830132P13Rik",-0.149091272235684,-0.149829700200155,0.0547154584577978,-0.0115287148126626,-0.208629419277468,0.214580069950055,-0.62382563107555,-0.135105154025918,-0.0007384279644711,-0.0662441732704604,0.423209489227523,0.488720477049633
"Ostc",-0.144130821736525,0.0224298337611408,0.0641081364121394,-0.0150393552003658,0.00920160215119914,0.138573677905926,-0.236585694363224,0.477141680806509,0.166560655497666,-0.0791474916125052,0.129372075754727,0.713727375169733
"Tacr3",0.0651830444408796,0.0309736781432415,0.0316598598249787,-0.0676325150067019,-0.160778660690088,-0.285348819371515,-1.14613914072976,-0.321835813418201,-0.0342093662976382,-0.0992923748316805,-0.124570158681427,0.824303327311564
"Gng5",0.106796451816439,0.295218719880957,0.194442758811874,0.167625564729141,0.168645267375402,0.124037820600412,0.099918693888231,0.736021142154533,0.188422268064517,-0.0268171940827333,-0.0446074467749895,0.636102448266302
"Vcp",0.0921652480710433,-0.217601695692699,-0.188258638361058,-0.546958542570048,-0.228974480190129,-0.792853998176705,-0.188273110229271,-0.390628163189716,-0.309766943763742,-0.35869990420899,-0.563879517986575,-0.202355052960446
"Tomm5",-0.00484606769025397,0.0968358493868458,0.053473933851067,-0.0979709625857339,-0.0202565260923784,-0.0613925523549463,-0.11779253314587,0.599653318903117,0.1016819170771,-0.151444896436801,-0.041136026262568,0.717445852048987
"Tmem38b",0.107096110309589,0.0831488685508601,0.0976878476933623,0.175465794390653,0.142243560593109,0.150974386067191,-0.132609672529308,0.5758300539485,-0.0239472417587292,0.0777779466972905,0.00873082547408188,0.708439726477808
"Gng10",0.117930780096464,0.177776409993447,0.159079777811884,0.117995141399195,0.166236864777059,0.183442496324617,-0.110230574574053,0.766539543363284,0.0598456298969827,-0.0410846364126893,0.0172056315475579,0.876770117937337
"Ifnb1",-0.00640967064107834,0.019764849573944,-0.0905526603671927,-0.0804549849509506,-0.25955104143064,-0.286017941970075,-0.213501908006499,-0.569900498552784,0.0261745202150223,0.0100976754162421,-0.0264669005394342,-0.356398590546284
"Jun",0.296852305640717,-0.153675320308111,0.0534712404920645,0.304874296893136,0.047574013448072,-0.0496458850292294,0.493489554559286,0.00422548055901117,-0.450527625948828,0.251403056401071,-0.0972198984773014,-0.489264074000275
"Prdx1",0.059721766150366,-0.0237954924050641,-0.261472150100667,-0.0880981286306586,-0.225338646676871,-0.0273807801641031,0.296530183450246,-0.257134761914493,-0.08351725855543,0.173374021470009,0.197957866512768,-0.553664945364739
"Svbp",-0.244757382792794,0.622666322807349,-0.00251272569622163,0.203314297518891,-0.10026610969102,0.141631821899098,-0.302243152089677,0.723596345443109,0.867423705600142,0.205827023215113,0.241897931590118,1.02583949753279
"1700057H15Rik",0.735347610767474,0.598484086630941,0.514763406151193,0.435460735603695,0.910796598164221,0.579883901887133,0.434787071876672,-0.425315374561613,-0.136863524136533,-0.0793026705474977,-0.330912696277088,-0.860102446438284
"Grik3",-0.00964062638199081,-0.0797948304153433,-0.320794766567756,-0.171292725014602,-0.337143976754454,-0.138231580779896,0.176555175792721,-0.129888002882614,-0.0701542040333525,0.149502041553154,0.198912395974558,-0.306443178675336
"Marcksl1",0.0414047718476747,0.0920885792160835,-0.0451242767820004,0.158674857922393,-0.329005564150139,-0.00897369984298546,-0.454836267229084,0.0799154577161563,0.0506838073684088,0.203799134704393,0.320031864307153,0.53475172494524
"Hmgn2",0.00214480547623275,0.201312097059267,0.230405432364542,0.149660636190254,0.147442743115951,0.284561706935623,-0.0738903895940952,0.590432236433515,0.199167291583034,-0.0807447961742875,0.137118963819672,0.66432262602761
"Sh3bgrl3",0.00626200905330521,0.122786759875032,-0.0126090533151828,0.0570581591984247,-0.0218292541104574,0.123698684832837,0.0650265747988801,0.398704293738849,0.116524750821727,0.0696672125136075,0.145527938943294,0.333677718939969
"Spen",-0.74458390594049,-0.645479500457193,-0.414394865083547,-1.09177993285915,-0.397475013900051,-0.152001966053751,-0.124550241224442,-2.06521518463921,0.0991044054832968,-0.6773850677756,0.245473047846299,-1.94066494341477
"Zfp984",0.0858402550880704,0.387913141377708,0.181558694601159,0.747159576209345,0.354667494189576,0.567052979004503,0.138353008589521,1.31996635464214,0.302072886289638,0.565600881608187,0.212385484814927,1.18161334605262
"Cdk11b",-0.292675784804177,-0.225307334289389,-0.221497300631728,-0.274327032510043,-0.199927973373207,-0.500251382378578,0.115233527799387,-0.687383772168253,0.0673684505147882,-0.0528297318783153,-0.300323409005371,-0.802617299967641
"A630072M18Rik",0.0368270807071784,0.0409323741064442,0.0106716217041605,0.0298859982927402,-0.221664339290109,-0.24089055738176,-0.360074866193237,-0.585302927956508,0.0041052933992658,0.0192143765885797,-0.0192262180916511,-0.22522806176327
"Tmem214",0.309750175214469,-0.4687986770428,0.199130351736713,-0.361405016195764,0.0563385357266988,-0.289334072455509,-0.0543626621086384,-1.80976094648197,-0.778548852257269,-0.560535367932478,-0.345672608182208,-1.75539828437333
"Fosl2",-0.24188173515353,-0.459635526839268,-0.0376575976999103,-0.203588204976485,0.189254580450078,0.0587969017790071,0.404554016303694,0.015186271725331,-0.217753791685737,-0.165930607276575,-0.130457678671071,-0.389367744578363
"Dok7",-0.0294321301677969,0.500730555339979,-0.281496622553167,0.476596699274891,0.487752387112442,0.786379901823366,0.352388248586614,1.72635276462297,0.530162685507776,0.758093321828058,0.298627514710924,1.37396451603636
"Smim20",0.306684358643626,0.0593262167360171,0.332340048444324,0.198074904998179,0.245539578492604,0.355706977336543,0.0785572612259404,0.835798701289183,-0.247358141907609,-0.134265143446146,0.110167398843939,0.757241440063242
"Rpl9",0.057295204787712,0.205676619275408,0.411342467925317,-0.00277920576115953,0.398345210950954,-0.0271550899090869,0.147814668456911,-0.00664453567314283,0.148381414487696,-0.414121673686477,-0.42550030086004,-0.154459204130054
"Ugdh",0.0908326451101837,0.0625063560859385,-0.0936886340431631,-0.545921167101834,-0.280223135942005,-0.1585800179427,-0.599433125640605,-0.353799325637295,-0.0283262890242453,-0.452232533058671,0.121643117999304,0.24563380000331
"Ythdc1",-0.160910748640263,-0.388432494561382,-0.0995960092639825,-0.453227511932361,-0.272663737595567,-0.74426338971715,0.104864642231433,-0.99327360267031,-0.227521745921119,-0.353631502668379,-0.471599652121584,-1.09813824490174
"Cxcl2",0.0788409076241425,0.0888930493418805,0.017846352636024,-0.263342586225377,-0.113757543035277,-0.513296366519604,-0.152245781815777,-0.0285712996345637,0.0100521417177379,-0.281188938861401,-0.399538823484328,0.123674482181213
"Lrrc8dos",0.334583810221835,-0.22565409581678,-0.119591251428282,0.275182903430526,0.326065994630802,0.0022967497553017,1.47813802410039,-0.960717142567607,-0.560237906038615,0.394774154858808,-0.3237692448755,-2.43885516666799
"Oasl1",0.0328952812800729,0.0166848255149734,0.117283275914547,0.110041044167668,-0.203074786023873,-0.206254106122737,-0.350309079942875,-0.334989440680792,-0.0162104557650995,-0.00724223174687921,-0.00317932009886412,0.0153196392620831
"Taok3",-0.182334031806,-0.280385957802353,-0.220360613555534,-0.197001801887396,-0.0498188294676893,-0.14754420143277,0.438776938212178,-0.338570838572378,-0.0980519259963524,0.023358811668138,-0.0977253719650806,-0.777347776784556
"Atp2a2",0.056547354562853,-0.354249886318872,-0.0447913976920216,-0.306386637977055,-0.0430172845358756,-0.368608555086462,-0.270013317386645,-0.995914318788067,-0.410797240881725,-0.261595240285033,-0.325591270550587,-0.725901001401422
"Diablo",-0.429198936571163,0.28258217875328,0.209934518914406,0.403431685929776,0.272303693142531,0.477531121140085,-0.067721296379105,0.866280016953369,0.711781115324444,0.193497167015369,0.205227427997554,0.934001313332474
"Eif2b1",0.179505442128075,0.368590703723752,0.531711310594895,0.31959092901487,0.612562730544825,0.645642582009184,0.191926880893366,-0.0038204642732742,0.189085261595677,-0.212120381580025,0.0330798514643593,-0.19574734516664
"Tmem132d",-0.294782260218869,0.455984831324108,-0.471619723233145,-0.119718068196617,-0.159909960641799,-0.305459098876562,1.0570446039685,-0.187533351343715,0.750767091542977,0.351901655036529,-0.145549138234764,-1.24457795531221
"Rfc2",-0.253776287141439,-0.218009039751935,-0.178933451976624,0.118415384570908,-0.0747658220163281,-0.0661985967216303,0.50708626184935,0.170407180600805,0.0357672473895043,0.297348836547532,0.00856722529469778,-0.336679081248545
"Eif4h",0.141452282475218,-0.154683695716332,-0.177399647463754,-0.379047750578423,-0.28157981072345,-0.234995754659749,-0.471848382731692,-0.186356730988121,-0.29613597819155,-0.201648103114669,0.0465840560637014,0.285491651743571
"Hip1",-0.124436934198167,-0.634948109570617,-0.450059595392325,-0.524323192366301,-0.192006954884123,-0.434813851521421,-0.0782850635967307,-1.05469592045877,-0.51051117537245,-0.0742635969739762,-0.242806896637298,-0.976410856862041
"Fis1",-0.137602749026535,0.0444249756524915,0.0241664881635542,0.021697327756268,0.00858388006464139,0.00897807432735398,-0.0830478515420046,0.474011085614706,0.182027724679027,-0.00246916040728529,0.000394194262712588,0.55705893715671
"Actb",0.140210605185143,-0.165361863554843,-0.202324500500458,-0.286952141621928,-0.277943488524738,-0.337977564540038,0.167841926356383,-0.427581279737238,-0.305572468739985,-0.0846276411214699,-0.0600340760153006,-0.595423206093621
"Cdk8",-1.3727427516057,-1.26191982711936,-1.05975384349509,-0.23435867598144,-1.21721306187207,-0.488252873135671,-1.64938965316439,-1.76995016396243,0.110822924486337,0.825395167513655,0.728960188736396,-0.120560510798036
"Polr1d",0.018202587682274,0.149912022054858,0.146600200931534,0.165365554580011,0.157550063422143,0.157921041878871,0.104589508483243,0.597012978256316,0.131709434372584,0.0187653536484769,0.000370978456728288,0.492423469773073
"1810058I24Rik",-0.0209176298408096,0.243508545865115,0.20053453099526,0.275163895582244,0.0849540199530665,0.228926092049674,0.0422033861513622,0.576264239370637,0.264426175705925,0.0746293645869844,0.143972072096608,0.534060853219275
"Hipk2",0.101342366684824,-0.393799193218324,-0.112862096278086,-0.191685232747925,-0.0894104168633065,-0.295794943633449,0.557877336466937,-0.483873376037589,-0.495141559903148,-0.0788231364698389,-0.206384526770142,-1.04175071250453
"Zyx",0.120872368896232,0.130880775233912,0.176057218883583,0.366363541962452,0.197232176461425,0.550839984197786,0.206413714998355,0.303530132019468,0.01000840633768,0.190306323078869,0.353607807736362,0.0971164170211125
"Rnf181",0.248964024719581,0.331628760439217,0.253219425857151,0.173860204728745,0.312311628036147,0.451553842921216,0.0813560543869478,0.675320399444626,0.0826647357196357,-0.0793592211284055,0.139242214885069,0.593964345057678
"Vamp8",0.0415594083524073,0.14181137366492,0.0943265640323343,-0.00267945633645006,0.0691617889799119,0.0107996411883917,0.00851587886332261,0.482138985746005,0.100251965312513,-0.0970060203687844,-0.0583621477915202,0.473623106882682
"Gm20536",-0.303414902542254,-0.404336799616372,-0.231755139394444,0.0860498057362973,-0.172327233095427,0.0944705165373247,0.00575907056931912,-3.06555293276006,-0.100921897074117,0.317804945130741,0.266797749632752,-3.07131200332937
"Hk2",-0.0263590536878651,-0.0309118059486035,-0.137724761403875,-0.418534978080624,-0.38576667659239,-0.699210029973844,-0.301783336776734,-0.740453583933361,-0.00455275226073848,-0.280810216676748,-0.313443353381454,-0.438670247156627
"Fam136a",-0.358950273092099,0.993825193694014,0.284108943045239,0.923816303029198,0.23764928439893,0.915346435134085,0.0980083552024387,1.50479765797614,1.35277546678611,0.63970735998396,0.677697150735154,1.4067893027737
"Lsm3",-0.0584215839303379,0.335599347578775,-0.0469109555542007,0.25444335304458,0.192544968306329,0.087552382198842,-0.115747468791651,0.740542024675531,0.394020931509113,0.301354308598781,-0.104992586107487,0.856289493467181
"Brk1",-0.0448824756220016,0.152733465041439,0.0590166928456579,0.113884756546812,0.119311158624645,0.133580413022414,0.0491508173816522,0.528111482210217,0.19761594066344,0.0548680637011545,0.0142692543977692,0.478960664828564
"Wnk1",0.318369371038505,-0.524938180007926,-0.0446192912676935,-0.542899558276603,-0.0589495468681873,-1.04043681830126,0.172565922464297,-0.531828008543581,-0.843307551046432,-0.498280267008909,-0.98148727143307,-0.704393931007878
"Cd69",0.192967239550596,0.494395024238743,0.437634364899502,0.65582930550865,-0.0383959849224471,0.250469836165546,-0.399680185276589,-0.0728373570830545,0.301427784688148,0.218194940609148,0.288865821087994,0.326842828193534
"Hebp1",-0.0711415712088588,0.180345828762569,-0.284772956321548,-0.309765626850373,-0.349571061119256,0.140111175794806,0.722164244785866,0.0515471520575543,0.251487399971428,-0.0249926705288246,0.489682236914062,-0.670617092728312
"Etfbkmt",-0.238840812075268,0.847997356669902,0.122558964204801,0.977202132250806,0.309090104080162,1.43597416625906,0.258970371515054,1.58888113953223,1.08683816874517,0.854643168046005,1.1268840621789,1.32991076801718
"Kcnk6",-0.116037423720637,-0.372608625472778,-0.276784640874247,-0.55577429475008,0.30239936776927,-0.614393518845431,0.703287287544493,-0.354891973854751,-0.256571201752141,-0.278989653875833,-0.916792886614702,-1.05817926139924
"Alkbh6",0.80609158314983,0.403735008663321,0.485363062359568,0.116162998350907,0.379423009867961,0.481218759153643,0.349882467222651,1.01542108264156,-0.402356574486508,-0.369200064008661,0.101795749285682,0.665538615418913
"Tyrobp",-0.0440444775094129,0.192759534900219,-0.0437536020692804,0.143952456271247,-0.0468653108195252,0.156577213357712,-0.0504490295394575,0.614742062997065,0.236804012409632,0.187706058340527,0.203442524177238,0.665191092536523
"Rps11",0.14700033689034,0.2647120687843,0.268124194924564,0.290646804379731,0.269149141214815,0.285003136722601,0.0841863747728056,0.468965222597365,0.11771173189396,0.0225226094551676,0.0158539955077863,0.38477884782456
"Ftl1",0.0349790656972466,-0.114903218934957,-0.364700142040329,-0.215034571369301,-0.352898183788675,-0.169887342593494,0.225844409282699,-0.0699709965395137,-0.149882284632204,0.149665570671027,0.183010841195181,-0.295815405822212
"Tulp2",0.179748059496686,0.405417980283771,-0.168583885804862,-0.569907244010535,0.166535078082766,-0.598120784827463,1.11392106313449,0.493145420490209,0.225669920787085,-0.401323358205672,-0.764655862910229,-0.620775642644278
"Tmem126a",-0.0078241579270486,-0.0277589861635299,-0.00891314224834261,0.0550783071753678,0.171068643497742,0.188997106620608,0.290593814091615,0.456086069669141,-0.0199348282364813,0.0639914494237104,0.0179284631228658,0.165492255577526
"Tnrc6a",0.157509504187366,-0.43108259113975,-0.152477319474056,-0.503917159941019,0.0708130206138855,-0.428448626317728,0.698572940063787,-0.950079365760922,-0.588592095327116,-0.351439840466963,-0.499261646931614,-1.64865230582471
"Nupr1",-0.0855753342311942,0.0617763950973789,-0.0303816868693012,0.0232100309786833,-0.310144412231255,-0.163351144099359,-0.398374882667921,-0.0464207250743911,0.147351729328573,0.0535917178479846,0.146793268131896,0.35195415759353
"Gm28198",0.382723513325169,0.598179717876778,-0.0781601586582785,0.229566720633854,0.181699975519011,-0.35327434769406,1.11487444833584,-0.670101510168204,0.215456204551609,0.307726879292133,-0.534974323213071,-1.78497595850404
"Gm36431",1.18720142977183,0.0975706853603486,0.275304545405469,-0.148793554317323,0.861559276393076,0.772504357248789,0.768692690560272,-2.57596603460863,-1.08963074441148,-0.424098099722792,-0.0890549191442869,-3.3446587251689
"Ifitm1",0.140494938671357,0.356448727497994,0.376015778100331,0.433426815069212,0.508425971500435,0.532098413333478,0.152942463475327,0.688206377532315,0.215953788826637,0.0574110369688805,0.0236724418330443,0.535263914056988
"Arglu1",0.393939723751067,-0.0518453065011268,-0.0987342479320743,-0.247286412040832,0.0787289266605988,-0.196766962952616,0.470992881968218,-0.727873193833767,-0.445785030252194,-0.148552164108758,-0.275495889613214,-1.19886607580198
"Lamp1",0.0302671064012312,-0.0364074864622932,-0.142869276122674,-0.0759049236143952,-0.194660840352801,-0.0490927051117733,-0.409548128526007,-0.0246596184592995,-0.0666745928635244,0.066964352508279,0.145568135241028,0.384888510066707
"Grtp1",-0.114838665638272,-0.195463922808218,0.0648239885743624,-0.551894282687765,0.25185123841505,-0.568723464718888,1.35221304869341,0.0537780040539806,-0.0806252571699453,-0.616718271262127,-0.820574703133937,-1.29843504463943
"Golga7",0.178477179105743,0.389914741198198,0.134318540349075,0.260684363561007,0.183328352347054,0.596815494529012,0.366427849347576,0.762292907673599,0.211437562092455,0.126365823211932,0.413487142181958,0.395865058326023
"Plekha2",-0.0562061795037767,0.354789627589851,0.0686657446200094,0.272615553102734,0.0771384016973666,0.284347849161126,0.293511577771673,0.829045367813567,0.410995807093627,0.203949808482725,0.207209447463759,0.535533790041894
"Hmgb2",-0.27550465841324,-0.225001489998039,0.00388082090279696,-0.0196644099046352,-0.028113102052945,-0.360849218793373,0.0278912645826086,-0.800617211250863,0.0505031684152009,-0.0235452308074322,-0.332736116740428,-0.828508475833472
"Gdf15",-0.50049745173721,-0.165671827821822,-0.625969270298843,-0.453018331200879,-1.0875238421541,-0.665262218453903,-1.00882242145331,0.210083681576097,0.334825623915388,0.172950939097964,0.422261623700196,1.21890610302941
"Myo9b",-0.123349046509262,-0.991474345675903,-0.35606403456822,-0.310723775031859,-0.327921468939228,-0.495129348817343,-0.689191340005876,-0.694557143435812,-0.86812529916664,0.0453402595363608,-0.167207879878116,-0.00536580342993576
"Tbc1d9",0.00294560862834459,-0.30388157296368,-0.180837428760634,-0.315688288140394,-0.296199495705648,-0.53098177790031,0.637203381213142,-0.783774721179127,-0.306827181592024,-0.13485085937976,-0.234782282194662,-1.42097810239227
"Junb",-0.0180123648021784,-0.25011749092924,0.160683133426227,-0.172637104605066,0.283722735882225,0.0424394819744833,0.419798935111976,0.203855987770671,-0.232105126127061,-0.333320238031293,-0.241283253907742,-0.215942947341304
"Gm45774",0.0463663596037951,-0.962203699510786,0.212005828219323,-1.45321772543528,0.0836572712578239,-0.800504542604174,0.948764870550398,-0.399356796380477,-1.00857005911458,-1.6652235536546,-0.884161813861998,-1.34812166693087
"Arl2bp",-0.102655260190843,0.253065571421878,-0.137655654831907,0.12608763786417,-0.0572834125584523,0.526770569111744,-0.91196870834876,0.795985020137825,0.35572083161272,0.263743292696076,0.584053981670196,1.70795372848659
"Ccl22",0.302452747776799,0.291795083547743,0.403429921479587,0.555871066040853,0.332947572733564,0.715642177475468,-0.213695236171955,0.424350515882631,-0.0106576642290568,0.152441144561267,0.382694604741904,0.638045752054587
"Ccl17",0.341953604231438,0.339685955726772,0.505614215888411,0.504179787145617,0.464886604518709,0.721670647202149,0.115315087003809,0.663667286598304,-0.00226764850466665,-0.00143442874279387,0.25678404268344,0.548352199594495
"Hsbp1",0.0288466146825748,0.197016269838942,0.0978307548547068,0.129982607476064,-0.0189000613563728,0.116351465832441,-0.0234329388295222,0.491514312555848,0.168169655156367,0.0321518526213573,0.135251527188814,0.514947251385371
"Galns",-0.0230044615184442,-0.32352431603649,-0.308401546565978,-0.304335201882131,-0.201554642496565,-0.331041479531517,-0.776697122795921,-0.0309039502457633,-0.300519854518046,0.00406634468384759,-0.129486837034952,0.745793172550158
"Chmp1a",-0.0093917809649362,0.175721158688064,0.0492012594100553,0.30953520407956,0.017827526367066,0.175563571086453,-0.241144195816141,0.699514361919698,0.185112939653,0.260333944669505,0.157736044719387,0.94065855773584
"Mmp12",0.0748969540437461,-0.0904598209207972,-0.159275902952995,-0.138742296832634,-0.0708709106984955,-0.0172259797102612,0.291014769024395,-0.174885005602906,-0.165356774964543,0.0205336061203614,0.0536449309882343,-0.465899774627301
"Zfp560",0.0516703792764313,0.63276759494468,0.123219569897339,0.717479967702699,0.0532260005674221,0.404587338019871,0.182182609900419,1.17145356672426,0.581097215668248,0.59426039780536,0.351361337452449,0.989270956823843
"Smarca4",-0.104405711049254,0.172684163334943,-0.0604010597397133,0.100517568640792,-0.00458857356329379,-0.216746279625165,0.501819325791134,-0.688161204481951,0.277089874384197,0.160918628380506,-0.212157706061872,-1.18998053027309
"Elof1",0.0293891162089004,0.376829461115958,0.13596406377261,0.303988307375534,0.12085674290057,0.388900477307845,-0.151876810666643,0.643579406415764,0.347440344907057,0.168024243602924,0.268043734407275,0.795456217082407
"Aplp2",-0.0201091840782794,-0.0988009121639841,-0.0676662314993601,-0.192079929073115,-0.189148715941371,-0.165408282382164,-0.105875276136388,-0.507121813962534,-0.0786917280857047,-0.124413697573755,0.0237404335592064,-0.401246537826147
"Plet1os",0.492500674740552,0.360657672875888,0.103512156621777,0.235005949116963,0.222752901278101,0.443149895491356,1.22535027116545,0.70706596789851,-0.131843001864663,0.131493792495186,0.220396994213255,-0.518284303266944
"Plet1",0.370515432693026,0.418725689882642,0.338964116045741,0.442857953869987,0.316900755256913,0.547824485782613,0.17524446655411,0.478288714889112,0.0482102571896164,0.103893837824247,0.230923730525699,0.303044248335002
"Sdhd",0.133774486678369,0.154351466845039,0.169724712532983,0.145116996254108,0.143260540649824,0.186218367700889,-0.137772597154005,0.499538201276451,0.0205769801666698,-0.024607716278874,0.0429578270510653,0.637310798430455
"Rplp1",-0.0175928776793288,-0.0260065826980593,-0.138818943965754,-0.0694150450436304,-0.19872098338509,-0.151235533344368,0.323593830425645,0.0407951316629429,-0.00841370501873051,0.0694038989221237,0.0474854500407229,-0.282798698762702
"Snapc5",0.101846586509122,0.196540656939123,0.220522457679358,0.0802367467074765,0.0612915928021378,0.265910371104668,-0.047863866080057,0.553534898488223,0.094694070430001,-0.140285710971882,0.20461877830253,0.60139876456828
"Ciao2a",-0.105248035376128,0.107065236942134,0.0238324823456217,0.0685441500881643,0.0228610805293137,0.14168024048823,-0.106125831881283,0.473371941120757,0.212313272318262,0.0447116677425425,0.118819159958917,0.579497773002039
"Rps27l",-0.00695758226173204,0.109269594530147,0.00315077756726723,0.0422583453394676,-0.0129753628106002,-0.0480515153099255,-0.0587843235723557,0.482489821007164,0.116227176791879,0.0391075677722004,-0.0350761524993253,0.54127414457952
"Sltm",-0.0459510527757825,-0.153048182799204,-0.0131021409878844,-0.308715757937608,0.0334651057077346,-0.0552345778119214,0.617485741448723,-0.963261558686002,-0.107097130023422,-0.295613616949724,-0.0886996835196561,-1.58074730013472
"Rnf7",-0.15121607342008,0.22769277499206,0.140591121058399,0.16024905834518,0.144086734407322,0.262585136916236,-0.0183258788214244,0.610758901470897,0.378908848412141,0.0196579372867802,0.118498402508914,0.629084780292321
"Rpl29",0.0550896790323279,0.27190807823305,0.339681166128974,0.19586197359413,0.346022240224109,0.248245773062889,0.0826750693260667,0.560707682663283,0.216818399200722,-0.143819192534844,-0.0977764671612196,0.478032613337216
"Gpx1",-0.00659310342343034,0.160502765055574,-0.0743919118917322,-0.0623636217767221,-0.159233604147111,-0.0202206834565377,0.0475277678956534,0.374126461829565,0.167095868479004,0.0120282901150102,0.139012920690574,0.326598693933912
"Qars",0.170439436877444,-0.0267495001515075,-0.112545793374273,-0.0875536986853858,0.0370321753096423,-0.0285777174787789,-0.642805414316815,-0.0295559332078987,-0.197188937028952,0.0249920946888871,-0.0656098927884212,0.613249481108916
"Tma7",0.0639130352878965,0.27130426261737,0.124060074891222,0.189145452620808,0.0259293657436679,0.073429135111855,-0.0915429963635539,0.596635147247853,0.207391227329474,0.0650853777295861,0.0474997693681871,0.688178143611407
"Camp",-0.423055792334348,-0.289839647649774,-0.152346569361998,-0.461697074782662,-0.268079822931177,-0.638728539275264,-0.678204747498177,-0.09785521904689,0.133216144684574,-0.309350505420664,-0.370648716344087,0.580349528451287
"Gm39469",0.522499850521617,0.0998518966720749,0.273800803221836,0.697159882724354,0.0950190861460132,0.0645188790394791,-0.167654311231863,0.943715853225138,-0.422647953849542,0.423359079502518,-0.0305002071065341,1.111370164457
"Tbpl1",0.147070765352109,0.0996512834242091,0.368273297627847,0.628467094975006,0.188118448344176,0.43140483121961,0.0868861175914741,1.12195025110359,-0.0474194819278999,0.260193797347159,0.243286382875434,1.03506413351211
"Hint3",-0.104359708877277,0.541922159657148,0.0931942740658274,0.277496267240434,0.154762125319742,0.403993595848324,0.0208415380590994,1.0906663938338,0.646281868534425,0.184301993174607,0.249231470528582,1.0698248557747
"Zup1",0.066037139386923,0.0370866469631768,0.0395413346160138,0.215491099129359,-0.226500805849859,0.0152385539174151,-0.63895293215304,0.00671416287073168,-0.0289504924237463,0.175949764513345,0.241739359767274,0.645667095023772
"Snx3",0.112980706791422,0.159173858490488,0.049024167011944,0.344638837792371,0.00830741547566571,0.403051854589614,0.0202252182238931,0.61017944531319,0.0461931516990655,0.295614670780427,0.394744439113948,0.589954227089297
"Gm40645",0.445357310602622,0.0937042506460783,0.162670612994284,0.388423804821678,0.323094641824032,0.672224361403056,0.788498479480412,-0.0293517768716614,-0.351653059956544,0.225753191827394,0.349129719579024,-0.817850256352073
"Pkib",0.0248135920854766,0.308941573309891,0.0475309318063708,0.03609469287988,0.0710824416894846,0.241854523197066,-0.0372599564887928,0.622618925610189,0.284127981224414,-0.0114362389264908,0.170772081507581,0.659878882098982
"Oit3",0.337067843152519,0.450976164435406,0.26959633209716,0.722674990778098,0.298834424869268,0.832264140297006,-0.236768885562224,1.25360118952724,0.113908321282887,0.453078658680938,0.533429715427737,1.49037007508947
"Vsir",-0.0720247498086319,-0.549644655821064,-0.642736840562589,-0.610762601522582,-0.451068802951548,-0.58914363179561,-0.175088922457888,-0.650122040717406,-0.477619906012432,0.0319742390400064,-0.138074828844062,-0.475033118259518
"Ddt",-0.0498205806982908,0.0474065730998321,0.146247473910843,0.276019838443543,0.156485954064842,0.0893383998994004,-0.205992285043147,0.57607189191582,0.0972271537981229,0.1297723645327,-0.0671475541654418,0.782064176958968
"Pttg1ip",-0.221624330979788,-0.237736979613934,-0.0495438991598647,-0.061425140396663,0.000578671093209415,0.0411634499544897,-0.433926539863346,0.085387542572942,-0.0161126486341461,-0.0118812412367983,0.0405847788612803,0.519314082436288
"Sumo3",-0.0431941507979419,0.0997163621541928,0.0535726400651377,0.227732770454321,0.00328218377318379,0.33182638703126,-0.106238091017351,0.620906513619434,0.142910512952135,0.174160130389184,0.328544203258076,0.727144604636785
"Pfkl",-0.00553402362366207,-0.771714758987927,0.0309187304016678,-0.776985457842848,-0.116162719889854,-1.0850642943689,-0.326635511509323,-1.71149722351189,-0.766180735364265,-0.807904188244516,-0.968901574479042,-1.38486171200257
"Arhgap45",-0.0910393354616614,-0.454728340482575,0.0627998589334506,-0.607654522842222,0.299044516895653,-0.283572288348865,0.412376236076103,-0.973986549289115,-0.363689005020913,-0.670454381775672,-0.582616805244518,-1.38636278536522
"Gpx4",0.0298523792964769,-0.0247198534216064,0.130326047658123,-0.130306509994394,0.103055105646986,0.075252887259154,-0.0805810058544818,0.522943811013048,-0.0545722327180833,-0.260632557652517,-0.0278022183878317,0.60352481686753
"Oaz1",0.0930516305254745,0.223551773092451,0.172517894116442,0.0998044397563884,0.0905538929733005,0.123444322424406,-0.013082845770839,0.524623175367351,0.130500142566977,-0.0727134543600538,0.0328904294511059,0.53770602113819
"Mrpl42",0.21256175758404,0.316105055352605,0.20921330990631,0.154521511380188,0.210296389560184,0.387229399477827,0.166551155467274,0.630102998283718,0.103543297768565,-0.0546917985261226,0.176933009917644,0.463551842816444
"Eea1",-0.202216813610681,-0.207222851382037,-0.339126195201835,-0.332683622422555,-0.152376720561124,-0.421098327472192,-0.276745343603351,-0.776585484562137,-0.00500603777135566,0.00644257277928073,-0.268721606911068,-0.499840140958786
"Rps26",0.150946560027032,0.163193650899013,0.0781606784878228,0.0715501036637374,0.0509782645631436,0.0994574862502251,0.500901821918342,0.438497578251267,0.0122470908719805,-0.00661057482408545,0.0484792216870815,-0.0624042436670749
"Plek",-0.0576327873809319,-0.0885742017579094,-0.0113820160001925,-0.0827426909727009,-0.148925817211254,-0.222901412045514,-0.278942408316812,-0.516969748114629,-0.0309414143769775,-0.0713606749725084,-0.0739755948342609,-0.238027339797817
"Actr2",0.0334190987020904,-0.135183521046725,0.0395231899557125,-0.222345794892055,-0.0888367023339036,-0.163129011360985,0.0239456369096533,-0.517778418411504,-0.168602619748816,-0.261868984847768,-0.0742923090270811,-0.541724055321158
"Il12b",0.388060677324299,0.0449822909842892,0.592619996392664,0.167286074944725,0.224770495641063,-0.106437177609844,0.174383756072896,-0.561673061751567,-0.34307838634001,-0.425333921447939,-0.331207673250907,-0.736056817824463
"Irf1",0.13400953247987,0.281150055735536,0.22780148847968,0.417338535779066,-0.173025423920513,0.200138392220173,-0.508562605431924,-0.266355162593893,0.147140523255667,0.189537047299386,0.373163816140686,0.242207442838031
"Hint1",0.0468086376014458,0.203350863145431,0.0630636907864641,0.00389756400638852,0.0455102431835925,-0.0665913108002822,-0.0242268222695401,0.436399688247697,0.156542225543985,-0.0591661267800756,-0.112101553983875,0.460626510517237
"Slc36a2",-0.446372248729157,-0.0957882995991013,-0.431654377256558,-1.00504836245454,-0.621376566317725,-0.0250613742110941,-1.2009202893959,-0.377257076552657,0.350583949130055,-0.573393985197984,0.596315192106631,0.823663212843243
"Guk1",-0.233794901599246,0.509402142636023,-0.0539221899580031,0.532786827364022,-0.312674250216566,0.637928884288624,-0.637827321363143,0.762143477679174,0.743197044235269,0.586709017322026,0.95060313450519,1.39997079904232
"Tvp23b",0.0923039634849827,0.171128614908747,0.36940728002941,0.145041778264797,0.217494420176913,0.378711344593582,-0.53301103826517,0.629882916646118,0.0788246514237647,-0.224365501764613,0.161216924416669,1.16289395491129
"Mgl2",0.221507117504112,0.292240620501436,0.568762178644251,0.339096818848931,0.561799206370212,0.518301928273518,0.177739457404662,0.299676076441022,0.0707335029973235,-0.22966535979532,-0.0434972780966945,0.121936619036361
"Cxcl16",0.215481636097242,0.243775845920167,0.153597004465511,0.437417480925903,0.157004972681031,0.282432915933072,0.0881711121317883,0.512638744896802,0.0282942098229251,0.283820476460392,0.125427943252041,0.424467632765014
"Scimp",-0.0217779432923439,-0.0718627970811276,0.159345647699796,0.0235795758632671,0.351397239186467,0.401120669687874,-0.0616044825863531,0.709419691603552,-0.0500848537887837,-0.135766071836529,0.0497234305014072,0.771024174189905
"Abhd15",-0.217465559129131,-0.123948565127112,-0.0797185354420149,-0.280772726253944,-0.103375784505601,-0.0747030334511489,0.418216111664102,-0.648810079108324,0.0935169940020195,-0.201054190811929,0.0286727510544518,-1.06702619077243
"Ccl7",-0.0731838014463548,-0.114735049354302,-0.200477760124874,-0.209307473735844,-0.338746332588775,-0.318385854309923,-0.27052984474046,-0.247775641765344,-0.0415512479079467,-0.00882971361096985,0.0203604782788513,0.0227542029751167
"Ccl12",0.0170240040347052,-0.0932323495336753,0.00978661501570066,-0.273657107589569,-0.355721025980664,-0.68149061415357,-0.243126512724695,-0.509487685295414,-0.11025635356838,-0.28344372260527,-0.325769588172906,-0.266361172570719
"Slfn8",-0.122611149206746,0.0231616239221006,0.0213271886200159,0.106281340496376,-0.209633553914619,-0.419293943157419,-0.656230110541973,-0.518387071237245,0.145772773128846,0.0849541518763601,-0.2096603892428,0.137843039304728
"E230016K23Rik",0.168155424080604,0.185106372222885,-0.109794936761705,0.131476623099418,-0.0411156900776959,0.11045518761869,1.37023024086755,0.481828490448761,0.0169509481422807,0.241271559861124,0.151570877696386,-0.888401750418794
"Wfdc21",0.0649741260887993,0.380110880197829,0.104399068592578,0.224068532974918,0.279113319756368,0.294751333404561,0.0664015090054768,0.678725383617493,0.31513675410903,0.119669464382341,0.0156380136481928,0.612323874612017
"Supt4a",-0.190534615476382,0.342032576259074,0.205204217298722,0.280726003816151,0.368355242740454,0.407894816069072,0.0942715057181776,0.747707577733235,0.532567191735456,0.0755217865174291,0.0395395733286179,0.653436072015057
"Plxdc1",-0.157508459347125,-0.127466119166588,-0.12379388869835,0.0652371759669057,-0.373579116562482,-0.0722363676140008,-0.556355384710054,-0.169415827276703,0.030042340180537,0.189031064665255,0.301342748948481,0.386939557433351
"Top2a",-0.0813105718703513,-0.684482228473245,-0.0891556511154468,-0.29569861295594,-0.0881085881493391,-0.561605193873985,-0.13577529387027,-1.22883283339251,-0.603171656602894,-0.206542961840493,-0.473496605724646,-1.09305753952224
"Ccr7",0.235540109498306,0.47241099253024,0.63851719151563,0.652943426602192,0.384607132259851,0.636491059661095,-0.0221814746111191,0.341800558652522,0.236870883031934,0.014426235086562,0.251883927401244,0.363982033263641
"Coa3",-0.0263534135134265,-0.179523019192954,-0.0758108693936101,-0.0694467057755892,-0.0869261509021175,0.115730545791827,-0.366052646862084,0.29621623039537,-0.153169605679527,0.00636416361802095,0.202656696693944,0.662268877257453
"Sumo2",0.0731554350362043,0.226222747505264,0.349254456487335,0.237529091976225,0.346249676807985,0.190501327869543,0.0850340875774194,0.614740123064315,0.15306731246906,-0.111725364511111,-0.155748348938442,0.529706035486895
"Birc5",-0.296119117666982,-0.00237275256400427,0.0272809333449748,-0.28813954662375,-0.0748331133323568,-0.365078137761406,-0.604922757486804,0.00189161235092694,0.293746365102978,-0.315420479968725,-0.29024502442905,0.606814369837731
"Actg1",0.139588726952629,-0.0384492153233449,0.029277867940408,-0.112382977578967,0.0045329329946604,-0.0583660583024557,-0.39479631922622,-0.240733952089652,-0.178037942275974,-0.141660845519375,-0.0628989912971161,0.154062367136568
"Cenpx",-0.0337744895029353,0.184689096580868,-0.00121399714763726,0.0985178557243795,0.0453511767257702,0.0783014314661195,-0.0405159614271557,0.588569328388619,0.218463586083804,0.0997318528720168,0.0329502547403493,0.629085289815775
"Id2",0.149128964345691,0.126727524108782,0.309530650849512,0.269842944604047,0.265610011458213,0.315628806171452,0.191167456757359,0.494053161832344,-0.0224014402369086,-0.0396877062454646,0.0500187947132389,0.302885705074985
"Rsad2",0.082178017569122,0.0560370231433627,-0.0190649608148714,-0.0480061378543262,-0.362478252885392,-0.334792910888837,-0.241216079023232,-0.575628152850527,-0.0261409944257593,-0.0289411770394548,0.0276853419965555,-0.334412073827295
"Cmpk2",0.0775445287198062,0.243962705766672,0.0189138541910046,0.370743092586055,-0.463597995673939,-0.241644591045922,-0.53322254705299,-0.529664963141479,0.166418177046866,0.351829238395051,0.221953404628016,0.00355758391151095
"Fam110c",0.309336669473524,0.371094490440463,0.079097344396549,-0.329484825587329,0.191703957491733,-0.208977712489062,-0.547047118422649,-2.40805648359537,0.0617578209669389,-0.408582169983879,-0.400681669980795,-1.86100936517273
"Sptssa",-0.0796746326139619,-0.148921379998104,0.162130509034663,-0.0315520760724297,0.168256153851951,-0.128447504732285,-0.131344356405459,0.55524507305776,-0.0692467473841418,-0.193682585107092,-0.296703658584236,0.686589429463219
"Max",-0.0325242740374705,0.387965905546412,-0.00940035547681006,-0.0158072444152539,-0.163613905621933,-0.446022917268146,-0.0184996334422793,0.994871047855047,0.420490179583882,-0.00640688893844388,-0.282409011646213,1.01337068129733
"Acyp1",0.109126150534954,0.198449818119419,0.125509766330656,0.0499701071424274,0.088897060032135,0.0341333727849111,-0.509980319767009,0.804082423715238,0.0893236675844653,-0.0755396591882285,-0.0547636872472239,1.31406274348225
"Ttc7b",-0.182455057382399,-0.0229386165526391,-0.20462369205795,-0.0534075844039927,-0.483039218205999,0.0238272220290838,-0.0478482945268341,-0.191204555494832,0.15951644082976,0.151216107653958,0.506866440235083,-0.143356260967998
"Gskip",-0.111610691697942,0.240590779129092,0.146572072026837,0.205172587194536,0.282805142976524,0.455938532347013,-0.00317576977240996,0.794957285835927,0.352201470827034,0.0586005151676989,0.17313338937049,0.798133055608337
"Gm19605",0.127714549829563,0.24744045041562,0.150539840918093,0.449455671702217,0.472225557660829,0.628315052218101,0.704879466586932,0.348443543555726,0.119725900586056,0.298915830784124,0.156089494557272,-0.356435923031206
"Hsp90aa1",-0.0215239264606266,-0.114202048040508,-0.00825511723338934,-0.0695099710141216,-0.0937488549042094,-0.317066092338535,0.0157602524762197,-0.510039173362455,-0.0926781215798815,-0.0612548537807323,-0.223317237434325,-0.525799425838675
"Tnfaip2",-0.0360797227037555,-0.100367518574952,-0.0318408706627871,-0.00242986449485194,-0.192763124259997,-0.448940107557876,-0.362573785084024,-0.365913604569173,-0.0642877958711967,0.0294110061679351,-0.256176983297879,-0.0033398194851495
"Gm40578",0.208896221338446,0.243716990913184,-0.369761591871939,-0.288987258148492,-0.319192443105059,-0.0693602695341564,0.682905213493557,-0.173669475550361,0.0348207695747371,0.0807743337234474,0.249832173570903,-0.856574689043918
"Hist1h2bc",-0.0764576543680704,-0.0197384746417857,0.0452423990998518,0.13317355194948,0.00671843047386744,0.166820910793644,0.0151756873744917,0.440928034240383,0.0567191797262847,0.0879311528496283,0.160102480319777,0.425752346865892
"Uqcrfs1",0.00037901281470365,-0.0578016354662187,-0.101963839685243,-0.0230657316925829,0.00462810959213567,0.166304681054651,-0.462837804626369,-0.195563101589896,-0.0581806482809224,0.0788981079926598,0.161676571462515,0.267274703036474
"Psmg4",0.280889338801654,0.531541322761647,0.0936017509276423,0.436595391030906,0.174590976911445,0.277654519199678,-0.233087401500219,1.10362035463513,0.250651983959993,0.342993640103264,0.103063542288233,1.33670775613535
"Eef1e1",0.074243844023818,0.240159284011188,0.116996228910055,-0.0633703311327585,0.140959616455241,0.0769844844442327,0.00166641196728978,0.597718407739563,0.16591543998737,-0.180366560042813,-0.0639751320110085,0.596051995772273
"Tmem170b",-0.122379374046942,0.203010462070087,0.106114567097031,0.381327305366522,0.167517472989877,0.578880258160148,-0.0822236104750971,0.955975639321329,0.325389836117029,0.275212738269491,0.411362785170271,1.03819924979643
"H2afy",0.00875051124984338,-0.127418182556688,-0.0785799679535986,-0.242597876895589,-0.0849990172105732,-0.331883994511269,0.036446487476657,-0.497048879896258,-0.136168693806532,-0.164017908941991,-0.246884977300695,-0.533495367372915
"Idnk",0.0297534266990844,0.150381210443051,0.040439774821353,-0.116644959462957,-0.0329040546348507,0.133984151846049,-0.204002146261573,0.463560875014783,0.120627783743966,-0.15708473428431,0.1668882064809,0.667563021276355
"Aopep",0.0243196204086935,-0.0179912281446351,0.00443254458378828,-0.131285056114272,0.0756953983429947,0.0805689948535084,0.0999995709865225,0.640654299107448,-0.0423108485533286,-0.13571760069806,0.00487359651051378,0.540654728120925
"Med10",-0.0527981780978486,0.310946686161842,0.173783856646936,0.129209661463351,0.0585216811043052,0.255528363417178,-0.136033036377969,0.548452572029368,0.36374486425969,-0.0445741951835847,0.197006682312873,0.684485608407337
"Glrx",0.137247799362304,0.298585277308174,0.263555591170267,0.282878451513559,0.169715056183761,0.364908502946109,0.0834054611877892,0.664300164751667,0.161337477945869,0.0193228603432924,0.19519344676235,0.580894703563878
"Polr3g",-1.37376182948028,-0.960884085846292,-0.022951632059514,-0.59386960498073,-0.152271902100537,-0.642927732077606,-0.247062169066389,-2.01408494883871,0.412877743633984,-0.570917972921216,-0.490655829977069,-1.76702277977233
"Tmem167",0.0167668931946334,0.21203946063681,0.0486181170482851,-0.0207305488163492,0.0524727633797291,0.0600813310341772,-0.147178237993081,0.585697130794517,0.195272567442177,-0.0693486658646343,0.00760856765444817,0.732875368787599
"Mocs2",0.0489226627605044,0.242763214149038,0.146105694128101,0.0475290993891484,0.116782597524686,0.123126845090695,-0.054815685982784,0.563655930702653,0.193840551388534,-0.0985765947389527,0.00634424756600893,0.618471616685437
"Chchd1",-0.0317334855590268,0.131036423449697,-0.0410289611831125,0.0516188605817778,0.0172060409773502,0.0951085627668897,-0.0277502537184748,0.545306771730376,0.162769909008724,0.0926478217648903,0.0779025217895395,0.573057025448851
"Eaf1",0.283905735292101,-0.2237874994424,0.0125365964241144,0.0194348214065023,-0.0571809062792488,-0.0823734806235228,-0.629774635726739,-0.17623273772317,-0.507693234734501,0.0068982249823879,-0.025192574344274,0.453541898003569
"Cnih1",0.0563265890615421,0.136841586848191,0.111487466546038,0.178984758921551,0.222289895993622,0.165259493544762,-0.0507225659933939,0.66176246312029,0.0805149977866488,0.0674972923755135,-0.0570304024488602,0.712485029113684
"Lgals3",-0.00780452963398837,-0.156031888172345,-0.227319571659606,-0.129471070760742,-0.211545651068318,-0.153105157900651,0.214786635535926,-0.259704818435887,-0.148227358538357,0.0978485008988645,0.0584404931676676,-0.474491453971813
"Zc3h13",0.055964638333351,-0.218654560342802,-0.231549391946154,-0.373037450533184,-0.068228713208752,-0.52754364700707,0.514717355504531,-1.05759676200013,-0.274619198676153,-0.14148805858703,-0.459314933798318,-1.57231411750466
"Sugt1",0.113540263166881,-0.0645573312281664,0.106996592532368,-0.0965997311566769,0.0501786215082234,-0.181302417945718,0.205132740338572,-0.566137198056669,-0.178097594395047,-0.203596323689045,-0.231481039453941,-0.771269938395241
"Mbnl2",0.155032627678156,-0.0246245647063521,0.0617297074046679,-0.221564290669077,0.0706356088583791,-0.258606939656211,0.546597671143556,-0.185960042390804,-0.179657192384508,-0.283293998073745,-0.32924254851459,-0.73255771353436
"Selenop",-0.195908241650431,0.221064795709586,0.246638714535748,0.253583528942041,-0.031819199093877,0.107387607497188,-0.324444455864824,0.526219705076924,0.416973037360018,0.00694481440629335,0.139206806591065,0.850664160941748
"Gm35769",-0.117647931732595,-0.0857083558820024,0.137499682323215,0.0598363180494692,0.0946788860258758,-0.313923854206099,0.068010331059706,-0.733844688716609,0.0319395758505925,-0.0776633642737465,-0.408602740231975,-0.801855019776315
"Polr2k",0.0903224896708164,0.16899577228839,-0.0162523807844668,0.0726099356338459,0.0216952716795689,0.0731280564684802,0.193715876929687,0.47229527978222,0.078673282617574,0.0888623164183127,0.0514327847889113,0.278579402852532
"Dcstamp",-0.00513801144189774,0.254654391382677,0.236998137792746,0.177332246079228,0.361717187309365,0.436763281009205,0.0652972166757557,0.161061571192235,0.259792402824575,-0.059665891713518,0.0750460936998403,0.0957643545164792
"Ly6e",-0.0082347777136178,0.1308832522898,0.126219226842611,0.122992213332152,0.0970660650027888,0.289381906317278,-0.0100829346214208,0.469121718720105,0.139118030003418,-0.00322701351045929,0.192315841314489,0.479204653341526
"Ly6i",0.192206020876613,0.316840735297791,0.111428533051527,0.376309219360242,0.139537767222428,0.490579790425631,0.0506644070846365,0.639505836086816,0.124634714421178,0.264880686308715,0.351042023203203,0.58884142900218
"Txn2",0.0457375483394564,0.160584882141269,0.154936250114431,0.0533716066866265,0.0944625210075722,0.17637977627205,-0.153431537003399,0.568666331185949,0.114847333801813,-0.101564643427804,0.0819172552644778,0.722097868189348
"St13",-0.000711845427374236,-0.274789431960739,-0.0079151374291957,-0.312156734456066,0.0415429931295321,-0.460132510342185,0.122592611932268,-0.583244122278883,-0.274077586533365,-0.30424159702687,-0.501675503471717,-0.70583673421115
"Phf5a",0.114058903679212,0.183849538237176,0.183369705813742,0.209147365531366,0.18102228459727,0.0476847679046175,0.0438787905218385,0.570640638037973,0.0697906345579637,0.0257776597176234,-0.133337516692652,0.526761847516134
"Slc48a1",0.10266335083153,0.141488491033555,-0.0192044183569529,0.226483787707922,-0.00704128806824933,0.263825786932342,-0.299456091667532,0.499026266446613,0.0388251402020252,0.245688206064875,0.270867075000591,0.798482358114144
"Mettl7a1",-0.0314410513826884,0.0391125020770868,-0.439802542125603,-0.334115777221063,-0.406789240186149,-0.011209316222824,-0.600468469092871,-0.117381512285995,0.0705535534597752,0.10568676490454,0.395579923963325,0.483086956806877
"Dazap2",0.113617912868095,0.300675971096952,0.244812919471221,0.287519755563812,0.208243577677136,0.406623020617685,0.0195368257155994,0.499411839820979,0.187058058228857,0.0427068360925915,0.198379442940549,0.47987501410538
"Nubp1",-0.0310031080617783,0.0189276047607603,0.313469839528742,0.294086767058489,0.17926926356123,0.355668021530088,-0.284532050943152,0.451023010964072,0.0499307128225386,-0.0193830724702533,0.176398757968858,0.735555061907224
"Fopnl",0.0767978559486213,0.400895316430633,0.164754747155097,0.34200332250311,0.334499224519356,0.533639992336934,-0.105920901193834,1.06357603144934,0.324097460482012,0.177248575348012,0.199140767817578,1.16949693264318
"Fam162a",0.173024757598695,0.246165541902256,0.199195757146953,0.386925810230054,0.277313394180397,0.184794195389002,0.103737533231838,0.527752665680724,0.0731407843035612,0.187730053083102,-0.0925191987913951,0.424015132448886
"Cstdc4",0.315242778583205,0.359197367621464,0.437891846153557,0.312253977461063,0.572572020746971,0.0828774817635685,0.297844885291443,0.555666326752791,0.0439545890382593,-0.125637868692493,-0.489694538983403,0.257821441461347
"Csta2",0.241284614915509,0.122715202751924,0.2971893828218,0.141318244306832,0.544922725170661,0.363261943907991,0.183219042683051,0.546402780647937,-0.118569412163585,-0.155871138514969,-0.18166078126267,0.363183737964886
"Cd200r4",0.0822530220359781,0.217525343865399,0.393841777864688,0.431935317484007,0.409264749884983,0.589224540115775,-0.017612872319976,0.818205068020085,0.135272321829421,0.0380935396193189,0.179959790230792,0.835817940340061
"Cldnd1",-0.0394294042298657,0.378457319096674,0.207670173652875,0.655436875638348,0.128536594038383,0.609081211914729,0.185949798620904,0.634168554697888,0.41788672332654,0.447766701985473,0.480544617876346,0.448218756076984
"Tmem50b",0.0605792622352563,0.287272009537731,0.294834294135597,0.270592105218814,0.185589585515062,0.340197804558512,-0.3036500311212,0.738277730781166,0.226692747302475,-0.0242421889167836,0.154608219043451,1.04192776190237
"Smim11",0.0230127848026154,0.290185731176195,0.031131056909115,0.113820773369495,0.0855299434920838,-0.0626103576856583,0.142044656570553,0.73489309083877,0.26717294637358,0.0826897164603801,-0.148140301177742,0.592848434268217
"Tulp4",-0.0563136993377382,-0.0351667964186904,-0.245172141793906,0.0642223067049192,-0.12097746695831,0.0311114488348645,0.462210413983408,0.0460921420593934,0.0211469029190479,0.309394448498825,0.152088915793175,-0.416118271924015
"Mpc1",0.0274019806699464,0.0578769680348046,0.187317859703098,0.0187782117916253,0.122013008351251,0.0262573090787441,-0.09721966341802,0.4757119807797,0.0304749873648582,-0.168539647911473,-0.095755699272507,0.57293164419772
"Gm3448",-0.311334667993092,-0.0317398650898055,0.13297570386991,0.0775605309489391,-0.0402141307976063,0.172678611831711,0.68978362130924,0.779688358334621,0.279594802903286,-0.0554151729209709,0.212892742629318,0.0899047370253809
"Hcfc1r1",-0.166383394831112,0.105891133181437,0.0873604375197816,0.00153612729971808,0.0894180757423335,-0.0511583920952479,-0.0466832345280741,0.517324908575407,0.27227452801255,-0.0858243102200635,-0.140576467837581,0.564008143103481
"Ndufv3",0.082615599631346,0.200557176335423,0.00322625900405171,0.0999361696115724,0.0296598640261454,0.0412151541236163,-0.000613291692785012,0.571888005377374,0.117941576704077,0.0967099106075207,0.0115552900974709,0.57250129707016
"H2-DMb2",0.0856844862214694,-0.0512407720997121,0.585368717467474,0.0878859208285743,0.713535353382095,0.162467544244568,0.162343880787308,0.408438188903827,-0.136925258321181,-0.497482796638899,-0.551067809137527,0.246094308116519
"H2-DMb1",0.311605282624548,0.280732047991061,0.174889551778952,0.406377303819211,0.148299751710169,0.392264430881686,-0.243169011053395,0.529750913067003,-0.0308732346334866,0.231487752040259,0.243964679171517,0.772919924120398
"H2-Aa",0.123260312977539,0.256816968518645,0.296888328732678,0.386346924464966,0.309133196039506,0.475084571595321,0.112620499516884,0.259227059338331,0.133556655541106,0.0894585957322889,0.165951375555816,0.146606559821446
"Clic1",-0.0694552470597287,0.239140197646822,0.16080185675836,0.306519014204069,0.108548115555232,0.355870148625549,-0.208698716447003,0.405653633197794,0.308595444706551,0.145717157445709,0.247322033070317,0.614352349644797
"Abcf1",0.0643923150027517,-0.0855853408419041,-0.0966922829882071,-0.18203848363112,0.107414700174714,-0.189430371215066,0.389772239418632,-0.458190118396253,-0.149977655844656,-0.0853462006429133,-0.29684507138978,-0.847962357814885
"H2-T22",0.0259568180650058,0.328603571296192,0.16332601571637,0.19174703566954,-0.00267166264504937,0.026569707633378,-0.407721370274222,0.638351880069647,0.302646753231186,0.0284210199531696,0.0292413702784273,1.04607325034387
"Rpp21",-0.136474718768477,0.159402405466999,0.0390862900043345,0.249058560173829,-0.0095383059104428,0.355187517014959,-0.184846974858599,0.69330779815631,0.295877124235476,0.209972270169494,0.364725822925402,0.878154773014908
"Mea1",-0.10218604395296,0.139158807509096,0.0663484767798543,0.220852215786335,0.00153353191494077,0.17732291392492,-0.0455928405963153,0.604221103966335,0.241344851462056,0.154503739006481,0.175789382009979,0.64981394456265
"Tomm6",-0.0832984964644456,0.122155829520857,-0.0641861769338714,-0.0805440033680114,-0.106266370789058,-0.0461841990321989,0.0188187569603091,0.416041758065415,0.205454325985302,-0.01635782643414,0.0600821717568589,0.397223001105106
"Uhrf1",0.268514199563256,-0.582207655366984,0.38288562688533,-0.631336780025472,0.20905943306537,-0.129513902109745,0.16301873231899,-1.80781953562845,-0.85072185493024,-1.0142224069108,-0.338573335175115,-1.97083826794744
"Myl12b",0.0602821316870532,0.182706392159291,0.164738029752323,0.17557709450432,0.159707060550705,0.19264248611989,0.0579025691303556,0.437534458454353,0.122424260472238,0.0108390647519965,0.0329354255691854,0.379631889323997
"Myl12a",0.125075424867761,0.279992826585964,0.296688493844018,0.343290566844704,0.328308176146288,0.484846818074416,-0.0173014325819754,0.486821645688119,0.154917401718203,0.0466020730006864,0.156538641928128,0.504123078270094
"Dpy30",0.0883299300793459,0.0609717691370664,0.193436268321138,0.129810733714057,0.195219821210115,0.0950305479012385,-0.0145577849727587,0.629055655863808,-0.0273581609422795,-0.0636255346070804,-0.100189273308876,0.643613440836567
"Cebpzos",0.0843884569480551,0.395154849275952,0.197713970913457,0.227216815586743,0.126805490089894,0.0861903042851218,-0.0621798761401218,0.665535691522484,0.310766392327896,0.0295028446732859,-0.0406151858047723,0.727715567662606
"Cox7a2l",-0.0132120292861568,0.185109662932284,0.168883193213928,0.214458641563953,0.0424060841837033,0.195187075456882,-0.25349074065007,0.463500539639986,0.198321692218441,0.045575448350025,0.152780991273179,0.716991280290056
"Gm36279",-0.441126100473269,-0.40149688940922,-0.262627947512803,-0.139110276111715,-0.369185970141955,-0.235675583367982,-0.807495492904525,-1.20907374428974,0.0396292110640482,0.123517671401088,0.133510386773973,-0.401578251385219
"Cript",-0.0208956698101792,0.164575644218001,0.156977382843586,0.159006939985511,0.201705931922657,0.167796011720675,-0.0655847543809305,0.58994257793807,0.18547131402818,0.00202955714192576,-0.0339099202019817,0.655527332319
"Polr2d",0.104979720311347,0.426442426649973,0.34827836516319,0.637857459590554,0.240308097519964,0.430910279433696,-0.252156066346259,0.872103254502289,0.321462706338626,0.289579094427364,0.190602181913731,1.12425932084855
"Tmem173",-0.111333358086173,0.44133611283862,0.0363006832386263,0.594743014355609,0.20435839506409,0.704177205622165,-0.674628076811842,1.13640102219698,0.552669470924794,0.558442331116982,0.499818810558075,1.81102909900882
"Diaph1",-0.0862129196752335,-0.401616462032167,-0.240495863546955,-0.401234334568485,-0.292313273912563,-0.565837786340102,-0.326187223949045,-0.830682139557431,-0.315403542356933,-0.16073847102153,-0.273524512427539,-0.504494915608386
"Gm31706",-0.00940648876625172,-0.34396365513164,-0.188333470844065,-0.420359648647503,-0.421392018540824,-0.119299423369151,1.00717393688988,-1.06550760655511,-0.334557166365388,-0.232026177803438,0.302092595171674,-2.07268154344498
"Commd10",0.25771058624107,0.265607661202101,0.273301892247433,0.243723576071824,0.287371955655737,0.461542540794957,0.024514113995953,0.72914412021299,0.00789707496103098,-0.0295783161756091,0.17417058513922,0.704630006217037
"Gm4951",-0.147620226621678,0.0760198370793352,0.0243407560093276,-0.000746708834181042,-0.737698587591393,-0.229628291662526,-0.389581192310029,-0.324513068063492,0.223640063701013,-0.0250874648435087,0.508070295928867,0.0650681242465367
"Pstpip2",-0.194877645802149,0.109693708719806,-0.119382825139217,-0.458960191357979,-0.254612290326741,-0.436254585325628,-0.729008927596697,-0.711798736835663,0.304571354521954,-0.339577366218762,-0.181642294998887,0.0172101907610336
"Txnl4a",0.251029721921693,0.292385554790252,0.074436581408527,0.133332466092432,0.0615489065177375,0.421541327121943,-0.110821021708639,0.724907554720942,0.0413558328685593,0.0588958846839045,0.359992420604206,0.835728576429581
"Pqlc1",-0.00114498630064475,0.067893431908665,-0.140904811017819,0.0900145421600893,-0.0281596550767311,0.0558064290009677,0.58492061619972,0.722090822786503,0.0690384182093098,0.230919353177908,0.0839660840776988,0.137170206586783
"Cyb5a",0.0851520686878349,0.157547523754335,0.13248335626505,0.0229308427828752,0.0833664183274205,0.105116523439627,0.0512593522423472,0.418558544106876,0.0723954550665002,-0.109552513482175,0.021750105112206,0.367299191864529
"Pold4",0.0113058860616553,0.233447731663748,0.145059530770564,0.0712554649701653,0.249211472546214,0.234984240630525,0.0528337686687772,0.821086036644281,0.222141845602093,-0.0738040658003989,-0.0142272319156893,0.768252267975503
"Banf1",0.124016821160437,0.242173842210349,0.0941639760971871,-0.162051072142942,0.0130683697845022,0.0272603657167201,-0.0512778654513903,0.499867554552311,0.118157021049912,-0.256215048240129,0.0141919959322179,0.551145420003701
"Ehd1",0.0587072601004692,0.107999820003137,0.0416040370670654,0.180606466340163,-0.153503300861118,-0.126653368348686,-0.435699629418516,-0.253559234723347,0.0492925599026677,0.139002429273098,0.0268499325124321,0.182140394695169
"Ahnak",-0.134026830012624,-0.488948397615301,-0.311761368249419,-0.590687394502523,-0.433023079441675,-0.661659125762142,-0.308735726909556,-0.660240917783147,-0.354921567602677,-0.278926026253104,-0.228636046320467,-0.35150519087359
"Sdhaf2",-0.00568766263098297,0.138917993515996,0.243016055999446,0.149125294785563,0.26866912999479,0.379947454767652,0.168526424929357,0.613926677121561,0.144605656146979,-0.0938907612138831,0.111278324772861,0.445400252192204
"Slc15a3",-0.0445420892647874,-0.131047061345958,-0.180475393507608,-0.167256782742228,-0.271503597009414,-0.210226503917193,-0.400315667003365,-0.300729658129935,-0.0865049720811708,0.0132186107653798,0.0612770930922206,0.0995860088734304
"Gda",-0.115790771580206,-0.337049555718539,0.133209068062126,-0.440810688130825,-0.0895987114168566,-0.534021122613196,0.333118856044432,-0.648331287366888,-0.221258784138334,-0.574019756192951,-0.44442241119634,-0.98145014341132
"Minpp1",-0.0262912946239311,0.00201802843720156,-0.105168861865883,0.117439531140384,-0.519055696592085,-0.00925396410859758,-0.276854337002598,-0.214768709379765,0.0283093230611327,0.222608393006268,0.509801732483488,0.0620856276228325
"Ifit2",-0.052714828960637,0.0622626320023247,0.0989596977173726,0.18158348813979,-0.198917455893707,-0.0805563320047025,-0.412278938967241,-0.31667428453699,0.114977460962962,0.0826237904224172,0.118361123889004,0.0956046544302502
"Ifit1bl1",-0.263916957281801,0.343234071369878,0.188276714498807,0.693182746449143,-0.257342385741203,-0.00130535840040702,-0.860277922150677,0.0528714295336532,0.607151028651679,0.504906031950336,0.256037027340796,0.91314935168433
"Ifit3b",-0.0136253916483966,0.178749133026188,0.126951807704107,0.226173350529475,-0.222924578095691,-0.0401708722126735,-0.407088263248711,-0.366011788658025,0.192374524674585,0.0992215428253678,0.182753705883018,0.0410764745906853
"Ifit1",0.0488919518559143,-0.0594012599976796,0.0398183551674371,-0.0605937462622936,-0.204670372682113,-0.358504797388678,-0.108903472977987,-0.518795071904311,-0.108293211853594,-0.100412101429731,-0.153834424706565,-0.409891598926324
"Eif3a",-0.120658772376932,-0.134150721124175,-0.0836586366069012,-0.164606011792675,0.0631457799605686,-0.29480843438101,0.362891073944945,-0.608392267194716,-0.0134919487472427,-0.0809473751857732,-0.357954214341578,-0.971283341139659
"Praf2",0.209626407781819,0.811038282083189,0.361257718048487,0.648598121887706,0.631432835511559,0.406666182581529,-0.528632780336612,1.46435626397732,0.601411874301371,0.287340403839218,-0.22476665293003,1.99298904431393
"Rbm3",0.313225461974486,0.139891125951122,0.524136663866829,0.0702243070855646,0.539071273494105,0.10795702159863,-0.0577962279593658,-0.205066403744557,-0.173334336023364,-0.453912356781264,-0.431114251895474,-0.147270175785192
"Dynlt3",0.02890498925768,0.251528676755931,0.175808876071727,0.355420903277018,0.175791505964291,0.293418040342757,-0.0690953900846631,0.59093280528184,0.222623687498251,0.179612027205291,0.117626534378465,0.660028195366503
"Rpl39",0.0265915574381275,0.237945467347702,-0.0237583588993591,0.0696728469135088,-0.0458558725423241,-0.00170244572633571,0.391730969047176,0.30725495693134,0.211353909909574,0.0934312058128679,0.0441534268159884,-0.0844760121158359
"Ssr4",-0.0320619929748709,0.161595599963777,0.131034802403946,0.0761910207308318,0.204291851524447,0.264058822112487,0.075109667589933,0.51325896675832,0.193657592938647,-0.0548437816731138,0.0597669705880399,0.438149299168387
"Hcfc1",-0.0660086867171379,-0.488216893400387,0.0229413598093773,-1.12276152589876,-0.0982793742644459,-0.543565507301439,0.421002005449274,-1.78122057545115,-0.42220820668325,-1.14570288570814,-0.445286133036993,-2.20222258090043
"Atrx",-0.225543676153049,-0.20940553833548,-0.0936804882277773,-0.0169414911947818,-0.136556437955472,-0.209771841194336,0.663819395168587,-0.0339703800916595,0.0161381378175687,0.0767389970329955,-0.0732154032388648,-0.697789775260246
"Timm8a1",-0.0946965378938796,0.160093871184475,0.189792354624482,-0.0416220571269683,0.0877348288841855,0.0335863568577714,-0.0713732995574201,0.614866570817425,0.254790409078354,-0.231414411751451,-0.054148472026414,0.686239870374845
"mt-Co1",0.0316535404897333,0.0739693338871188,-0.259485647014857,-0.028837534634846,-0.287645680858095,0.0933312292495998,0.382976189884365,0.202646951295016,0.0423157933973854,0.230648112380011,0.380976910107695,-0.18032923858935
"mt-Nd4",-0.0416559977611968,0.0630963054600358,-0.141698850742804,0.0314126495480576,-0.0689057338960062,0.190160012677336,0.683287144210514,0.24508397759626,0.104752303221233,0.173111500290862,0.259065746573342,-0.438203166614255
"mt-Nd5",0.0815863873679978,0.444189745945597,0.257074619374087,0.739293169992128,0.464489951641017,1.02900254676718,0.513569372428977,1.02223880331819,0.3626033585776,0.482218550618041,0.564512595126159,0.508669430889215
"mt-Nd6",-0.537898412887566,-0.834066287550776,-0.539540896449625,-0.129336947114302,-0.834961400107389,0.37921209633001,-1.65181680873731,-1.41101151156777,-0.296167874663209,0.410203949335323,1.2141734964374,0.240805297169535
"mt-Cytb",0.0911003175210503,0.0500263194570678,0.267734245286899,0.278180529346454,0.304574367811471,0.44471859031658,0.153803811434639,0.733184715877599,-0.0410739980639825,0.0104462840595545,0.140144222505109,0.57938090444296
